metric,run_1,run_2,run_3,run_4,run_5,run_6,run_7,run_8,run_9,run_10,run_11,run_12,run_13,run_14,run_15,run_16,run_17,run_18,run_19,run_20,run_21,run_22,run_23,run_24,run_25,run_26,run_27,run_28,run_29,run_30,run_31,run_32,run_33,run_34,run_35,run_36,run_37,run_38,run_39,run_40,run_41,run_42,run_43,run_44,run_45,run_46,run_47,run_48,run_49,run_50,run_51,run_52,run_53,run_54,run_55,run_56,run_57,run_58,run_59,run_60,run_61,run_62,run_63,run_64,run_65,run_66,run_67,run_68,run_69,run_70,run_71,run_72,run_73,run_74,run_75,run_76,run_77,run_78,run_79,run_80,run_81,run_82,run_83,run_84,run_85,run_86,run_87,run_88,run_89,run_90,run_91,run_92,run_93,run_94,run_95,run_96,run_97,run_98,run_99,run_100,run_101,run_102,run_103,run_104,run_105,run_106,run_107,run_108,run_109,run_110,run_111,run_112,run_113,run_114,run_115,run_116,run_117,run_118,run_119,run_120,run_121,run_122,run_123,run_124,run_125,run_126,run_127,run_128
mpi_implementation,intelmpi,intelmpi,intelmpi,intelmpi,intelmpi,intelmpi,intelmpi,intelmpi,intelmpi,intelmpi,intelmpi,intelmpi,intelmpi,intelmpi,intelmpi,intelmpi,intelmpi,intelmpi,intelmpi,intelmpi,intelmpi,intelmpi,intelmpi,intelmpi,intelmpi,intelmpi,intelmpi,intelmpi,intelmpi,intelmpi,intelmpi,intelmpi,intelmpi,intelmpi,intelmpi,intelmpi,intelmpi,intelmpi,intelmpi,intelmpi,intelmpi,intelmpi,intelmpi,intelmpi,intelmpi,intelmpi,intelmpi,intelmpi,intelmpi,intelmpi,intelmpi,intelmpi,intelmpi,intelmpi,intelmpi,intelmpi,intelmpi,intelmpi,intelmpi,intelmpi,intelmpi,intelmpi,intelmpi,intelmpi,intelmpi,intelmpi,intelmpi,intelmpi,intelmpi,intelmpi,intelmpi,intelmpi,intelmpi,intelmpi,intelmpi,intelmpi,intelmpi,intelmpi,intelmpi,intelmpi,intelmpi,intelmpi,intelmpi,intelmpi,intelmpi,intelmpi,intelmpi,intelmpi,intelmpi,intelmpi,intelmpi,intelmpi,intelmpi,intelmpi,intelmpi,intelmpi,intelmpi,intelmpi,intelmpi,intelmpi,intelmpi,intelmpi,intelmpi,intelmpi,intelmpi,intelmpi,intelmpi,intelmpi,intelmpi,intelmpi,intelmpi,intelmpi,intelmpi,intelmpi,intelmpi,intelmpi,intelmpi,intelmpi,intelmpi,intelmpi,intelmpi,intelmpi,intelmpi,intelmpi,intelmpi,intelmpi,intelmpi,intelmpi
operation,allgather,allgather,allgather,allgather,allgather,allgather,allgather,allgather,allgather,allgather,allgather,allgather,allgather,allgather,allgather,allgather,allreduce,allreduce,allreduce,allreduce,allreduce,allreduce,allreduce,allreduce,allreduce,allreduce,allreduce,allreduce,allreduce,allreduce,allreduce,allreduce,alltoall,alltoall,alltoall,alltoall,alltoall,alltoall,alltoall,alltoall,alltoall,alltoall,alltoall,alltoall,alltoall,alltoall,alltoall,alltoall,broadcast,broadcast,broadcast,broadcast,broadcast,broadcast,broadcast,broadcast,broadcast,broadcast,broadcast,broadcast,broadcast,broadcast,broadcast,broadcast,gather,gather,gather,gather,gather,gather,gather,gather,gather,gather,gather,gather,gather,gather,gather,gather,reduce,reduce,reduce,reduce,reduce,reduce,reduce,reduce,reduce,reduce,reduce,reduce,reduce,reduce,reduce,reduce,scatter,scatter,scatter,scatter,scatter,scatter,scatter,scatter,scatter,scatter,scatter,scatter,scatter,scatter,scatter,scatter,sendrecv,sendrecv,sendrecv,sendrecv,sendrecv,sendrecv,sendrecv,sendrecv,sendrecv,sendrecv,sendrecv,sendrecv,sendrecv,sendrecv,sendrecv,sendrecv
num_ranks,16,16,16,16,2,2,2,2,4,4,4,4,8,8,8,8,16,16,16,16,2,2,2,2,4,4,4,4,8,8,8,8,16,16,16,16,2,2,2,2,4,4,4,4,8,8,8,8,16,16,16,16,2,2,2,2,4,4,4,4,8,8,8,8,16,16,16,16,2,2,2,2,4,4,4,4,8,8,8,8,16,16,16,16,2,2,2,2,4,4,4,4,8,8,8,8,16,16,16,16,2,2,2,2,4,4,4,4,8,8,8,8,16,16,16,16,2,2,2,2,4,4,4,4,8,8,8,8
data_size_name,16MB,1KB,1MB,64KB,16MB,1KB,1MB,64KB,16MB,1KB,1MB,64KB,16MB,1KB,1MB,64KB,16MB,1KB,1MB,64KB,16MB,1KB,1MB,64KB,16MB,1KB,1MB,64KB,16MB,1KB,1MB,64KB,16MB,1KB,1MB,64KB,16MB,1KB,1MB,64KB,16MB,1KB,1MB,64KB,16MB,1KB,1MB,64KB,16MB,1KB,1MB,64KB,16MB,1KB,1MB,64KB,16MB,1KB,1MB,64KB,16MB,1KB,1MB,64KB,16MB,1KB,1MB,64KB,16MB,1KB,1MB,64KB,16MB,1KB,1MB,64KB,16MB,1KB,1MB,64KB,16MB,1KB,1MB,64KB,16MB,1KB,1MB,64KB,16MB,1KB,1MB,64KB,16MB,1KB,1MB,64KB,16MB,1KB,1MB,64KB,16MB,1KB,1MB,64KB,16MB,1KB,1MB,64KB,16MB,1KB,1MB,64KB,16MB,1KB,1MB,64KB,16MB,1KB,1MB,64KB,16MB,1KB,1MB,64KB,16MB,1KB,1MB,64KB
num_elements,4194304,256,262144,16384,4194304,256,262144,16384,4194304,256,262144,16384,4194304,256,262144,16384,4194304,256,262144,16384,4194304,256,262144,16384,4194304,256,262144,16384,4194304,256,262144,16384,4194304,256,262144,16384,4194304,256,262144,16384,4194304,256,262144,16384,4194304,256,262144,16384,4194304,256,262144,16384,4194304,256,262144,16384,4194304,256,262144,16384,4194304,256,262144,16384,4194304,256,262144,16384,4194304,256,262144,16384,4194304,256,262144,16384,4194304,256,262144,16384,4194304,256,262144,16384,4194304,256,262144,16384,4194304,256,262144,16384,4194304,256,262144,16384,4194304,256,262144,16384,4194304,256,262144,16384,4194304,256,262144,16384,4194304,256,262144,16384,4194304,256,262144,16384,4194304,256,262144,16384,4194304,256,262144,16384,4194304,256,262144,16384
mean_time_us,113037.6961347065,48.912925994955,3332.511852204334,111.87613301444799,3263.0204665474594,10.884429793804884,190.61851780861616,16.96349587291479,15928.453241940588,18.34642724134028,396.4050963986665,31.805799808353186,46753.83998313919,29.41011160146445,858.7177540175617,54.31687051896006,137824.7487609042,57.6351402560249,6353.540512500331,478.9569234708324,35901.49750933051,23.408320266753435,1624.8060623183846,138.93579598516226,69654.0008240845,35.552390618249774,3261.1962407827377,249.3605995550752,98803.59129689168,45.57359614409506,4816.134044667706,349.3741707643494,6431.3303952803835,107.02908912207931,246.7880045878701,112.82180639682338,2451.591929420829,14.975443482398987,102.35829744488001,19.675311632454395,2797.2108114045113,29.32288683950901,143.7209139112383,35.47502215951681,4237.926808418706,57.428646832704544,173.2673228252679,63.86776047293097,1270.4593068338,1.323305768892169,74.49260650901124,7.298339914996177,722.4014261737466,0.7312558591365814,28.797555714845657,6.279756780713797,1233.8324112351984,1.0725774336606264,78.17224017344415,9.258196223527193,1161.7319914512336,1.173467026092112,66.31188269238919,6.21171435341239,54335.78167547239,10.997352947015315,689.0738755464554,22.28803641628474,2318.2915919460356,7.973245810717344,130.5031101219356,13.89775425195694,7481.1048014089465,8.809010032564402,227.76169003918767,15.402347780764103,14123.896378441714,9.799845283851027,384.07107873354107,32.53853356000036,85615.84403068991,33.29665632918477,3246.553845820017,242.12992371758446,15969.308610074222,12.953616678714752,839.9049821309745,72.96449039131403,41646.83366776444,19.812877289950848,1632.5176658574492,128.44698852859437,64493.71799302753,26.44610940478742,2437.0331899262965,183.4868430159986,111511.4996311604,64.51673689298332,3129.9936791765504,118.93189162947237,8502.96908756718,13.918594922870398,200.65687829628587,22.142203524708748,25004.80623682961,20.626470213755965,371.19053304195404,40.837705601006746,56235.83891079761,34.72592798061669,732.5514417607337,62.22759373486041,1451.8232017871924,1.2531672837212682,49.98461896320805,3.90316650737077,1204.4119322672486,1.1982978321611881,45.21724069491029,5.153766833245754,679.8681139480323,1.2632133439183235,53.51290921680629,5.012606270611286,858.9814731385559,1.2400641571730375,49.73718605469912,3.916157293133438
median_time_us,113128.03905457258,48.82551729679108,3197.1486750990152,110.94496585428715,3105.791984125972,10.292045772075653,193.08808259665966,16.968930140137672,18735.890043899417,17.89722591638565,398.15716445446014,31.618401408195496,44762.10428401828,28.93339842557907,848.1168188154697,54.15431223809719,139466.79863147438,56.00880831480026,6348.164984956384,460.68313531577587,36343.15496310592,22.913794964551926,1623.307354748249,139.03994113206863,69345.98204679787,34.296419471502304,3254.3297857046127,247.4712673574686,100152.83664688468,44.54958252608776,4813.444567844272,348.95632416009903,6339.876912534237,106.4622774720192,245.64890190958977,111.92169040441513,2403.6334361881018,14.781951904296875,101.886922493577,19.64508555829525,2702.7372270822525,29.026763513684273,141.8029423803091,34.890370443463326,4146.310966461897,56.54431879520416,171.4352983981371,63.214683905243874,1241.104444488883,1.2353993952274323,74.01593029499054,7.212162017822266,721.3521748781204,0.6300397217273712,29.41535785794258,5.242647603154182,1275.6932992488146,1.0658986866474152,80.20107634365559,7.6231081038713455,1151.9626714289188,1.109205186367035,65.79910404980183,6.098998710513115,52265.7495457679,8.353497833013535,662.0634812861681,16.74611121416092,2725.9693015366793,8.964911103248596,132.03267008066177,14.036661013960838,4660.497652366757,6.33695162832737,190.249877050519,10.519986972212791,7536.394521594048,7.149064913392067,365.20790308713913,29.96833063662052,86770.42881026864,33.15834328532219,3240.652848035097,240.5606210231781,15712.005784735084,13.443175703287125,829.7821041196585,74.29462857544422,42375.11195242405,19.75218765437603,1616.7592257261276,126.41912326216698,65395.875135436654,27.90871076285839,2433.3607871085405,183.1327099353075,111267.3063762486,61.8775375187397,3424.8840529471636,119.0470065921545,9254.43321466446,14.103483408689499,206.03416487574577,22.283056750893593,25373.603450134397,18.742401152849197,369.58674900233746,40.63011147081852,56213.41592632234,31.979521736502647,733.4752008318901,62.336912378668785,1453.0837070196867,1.2328382581472397,49.16824400424957,3.8885045796632767,1196.3990982621908,1.1906959116458893,45.30325531959534,5.143461748957634,695.6921424716711,1.2493692338466644,53.53149026632309,5.073379725217819,838.250620290637,1.2298114597797394,48.96405152976513,3.914348781108856
min_time_us,87896.59291505814,42.94607788324356,2772.2716331481934,106.24108836054802,3051.499370485544,9.58191230893135,184.29942429065704,15.803147107362747,11363.247409462929,15.669967979192734,380.2240826189518,30.57345747947693,35657.62098878622,24.63255077600479,793.208833783865,51.15428939461708,132014.77890834212,48.93960431218147,6283.423397690058,447.65742495656013,34246.21606245637,21.902378648519516,1579.010859131813,128.23427096009254,67495.14769762754,32.02492371201515,3202.532883733511,237.99436166882515,93553.48721146584,40.95025360584259,4739.988129585981,339.0139900147915,5992.831662297249,98.4780490398407,234.73147302865982,108.39849710464478,2319.5785470306873,13.964250683784485,100.32858699560165,18.02900806069374,2618.546597659588,27.19741314649582,134.2245377600193,33.46242010593414,3842.663951218128,53.00668999552727,163.64268958568573,60.66076457500458,1217.81462803483,0.5951151251792908,73.27785715460777,6.596092134714127,691.0990923643112,0.45262277126312256,22.74801954627037,2.328772097826004,1114.984042942524,0.8284114301204681,64.00560960173607,3.148801624774933,1138.5963298380375,0.626780092716217,51.32565274834633,5.659647285938263,51023.94428104162,7.095281034708023,396.10080420970917,13.774260878562927,1657.459419220686,5.051027983427048,98.94464164972305,9.363982826471329,4618.557635694742,5.681999027729034,146.63022011518478,8.800067007541656,7305.475417524576,6.425194442272186,234.29468274116516,11.822208762168884,32123.62201884389,21.709129214286804,248.84426966309547,33.94531086087227,2223.7980738282204,9.933952242136002,82.0276327431202,15.225261449813843,15623.12338501215,13.673212379217148,144.5016823709011,21.072570234537125,23582.83009380102,17.517246305942535,196.49509340524673,27.049332857131958,106899.47614446282,58.26959386467934,1239.9018742144108,101.4326699078083,3508.711699396372,12.103933840990067,184.51828509569168,18.285121768712997,22897.18296378851,17.363112419843674,330.320093780756,32.61025995016098,53032.240364700556,29.678456485271454,672.9862652719021,53.91193553805351,1379.9830339848995,1.0849907994270325,45.93469202518463,3.6121346056461334,1036.1275635659695,1.1050142347812653,43.746549636125565,4.026107490062714,570.7046948373318,1.1636875569820404,47.408509999513626,3.7960708141326904,800.5239069461823,1.1050142347812653,45.987311750650406,3.6731362342834473
max_time_us,143383.80424305797,63.48593160510063,7672.256790101528,125.30013918876648,14224.890153855085,22.368039935827255,203.85021343827248,19.348226487636566,30964.450910687447,29.280316084623337,410.9521396458149,36.90319135785103,63048.83444681764,41.69857129454613,1258.8724493980408,60.04888564348221,151811.0833130777,84.21577513217926,6560.636218637228,592.8575992584229,40828.423108905554,31.145289540290833,1799.7799441218376,143.73473823070526,78136.87575981021,137.40267604589462,3461.0512666404247,272.38624170422554,114330.40583506227,66.05777889490128,4965.157713741064,362.55503073334694,13631.490524858236,140.79175889492035,281.037762761116,133.55398550629616,8559.22419577837,19.837170839309692,113.50680142641068,23.5140323638916,10155.859403312206,43.48624497652054,244.24167349934578,117.78203770518303,12028.936762362719,76.85599848628044,276.9199199974537,74.2240808904171,1392.3505321145058,6.011221557855606,84.5976173877716,11.23826950788498,751.6751065850258,2.1602027118206024,40.564220398664474,18.454156816005707,1362.4131679534912,1.426786184310913,91.14900603890419,22.382475435733795,1320.8151794970036,3.105960786342621,78.26276123523712,7.834285497665405,119500.78886002302,54.75059151649475,5786.9283482432365,112.1307723224163,11632.836423814297,13.227108865976334,165.86482524871826,20.61808481812477,30524.68691021204,18.97895708680153,440.6752996146679,32.54367038607597,61019.71631869674,35.12948751449585,1082.3393240571022,67.60889664292336,138470.7442484796,63.9655627310276,6353.278644382954,518.8863724470139,31487.361062318087,17.130281776189804,1641.3074918091297,139.20431956648827,68452.13985070586,28.024427592754364,3263.7054100632668,243.89196187257767,104329.34621348977,38.916245102882385,4878.551699221134,346.9819203019142,123562.4966211617,89.56436067819595,5051.206331700087,138.70419934391975,11233.545374125242,18.780119717121124,222.86223247647285,27.5392085313797,34637.285862118006,28.904061764478683,425.8514381945133,46.66857421398163,65107.463393360376,51.99061706662178,820.4998448491096,84.09703150391579,1564.5870007574558,1.9366852939128876,70.85083052515984,7.2158873081207275,1252.3229233920574,1.4030374586582184,50.055328756570816,7.615890353918076,768.4985175728798,1.6051344573497772,64.1937367618084,6.908085197210312,959.9821642041206,1.7401762306690216,69.12276148796082,4.255678504705429
std_dev_us,7349.896600304955,3.9923788493052688,525.2343019741347,3.2594586730802497,1189.6221675581264,1.6675244475361517,4.902147728223785,0.4079293612301513,4374.226745193744,1.9537608384855598,7.933018217971257,0.8982244915886638,7082.219007336154,2.943078565845671,49.63729191272581,1.3793408547347754,4566.244625355063,7.3162783370234585,39.193608483168575,43.75902730943285,1160.7464165443994,1.4174038178628527,25.086272480107105,2.1610020763208957,1607.1874432422883,10.296655782713753,35.506259564802335,7.369971425694572,4138.364416621609,3.385787071983381,37.339326958062045,4.295196165951272,755.6744114004787,5.846988068374252,5.71019496782144,3.25283945352507,646.5908133287799,0.8102561876351829,1.782720985189097,0.6926126443329501,768.4043915813701,1.9142292908016685,10.660170110616896,5.87192401536849,809.897347298032,3.4672053592138687,8.869378487144008,2.105849519655991,50.48735742209737,0.4942486211087393,1.7942413697587198,0.503144867451229,22.12788887379574,0.3580196554807738,5.016966423776304,4.594410613828784,76.77187454575622,0.11185594154721004,5.6766088526533345,4.659259518276803,34.9949025339887,0.32006241616224895,1.8730396805454144,0.33507819779268155,8356.054865557944,9.41952841776737,409.27343601323554,21.85061445878482,980.3223364371722,2.5844716525921814,30.37700777534714,3.5908638401821142,4951.996683953424,4.35036747802678,96.71865740243688,8.68933650999892,10741.92000624853,6.478908005794651,170.49980242185862,9.254340058745424,25355.910031731066,5.340963533964464,1506.9390775410159,103.35269754682106,12825.617669141395,2.4337907250267077,756.0403957592487,55.624824095734056,18066.553780513183,3.6420994233214317,1063.0458227666372,74.92088400937594,22729.957802750254,4.543526751810006,1294.3740877192301,88.00111630425795,2201.508263196779,6.341213063706447,1760.112850996432,8.352153956261573,2453.4427810832353,1.0339960004246864,9.652157831830761,2.139325507775338,1741.1366904163372,3.247458814831695,25.169953426755242,2.606058758557743,2416.982970560328,5.157821830199019,30.68517649135168,4.383221448060949,28.291838322403752,0.10644715859900646,3.1580367915145082,0.1396133206941005,36.51219338220317,0.05189109122750762,1.0640768644122356,0.27872586985003567,74.54260175252665,0.06030429113975221,3.2352709175671883,0.3416289195722092,54.07340482596961,0.07339314523016695,2.8337245004507614,0.09048038798037024
p95_time_us,131223.7810343504,56.26180209219456,4198.279930278658,118.30893345177174,3202.878311276436,14.650705270469187,197.17495888471603,17.53740943968296,19875.41650887565,21.934020332992077,406.4761567860842,33.636507578194134,58477.932144887745,35.036494955420494,920.7250084728003,56.603807024657726,142994.61459740996,74.46603849530219,6417.879555374383,582.7373592182994,37300.339760258794,25.798263959586617,1657.4185341596603,142.09565706551075,71736.28315795213,37.4391907826066,3317.149681970477,264.8720284923911,103050.47465953976,52.114529535174356,4877.59574316442,356.30560014396906,6505.4502338171005,116.64424091577528,257.21045676618814,118.61198581755161,2417.33321454376,16.111484728753567,105.44860269874334,20.536803640425205,2747.466880828142,31.5993558615446,155.5912895128131,37.15218044817448,4307.11954832077,63.682859763503075,183.52342303842306,68.57083644717932,1357.9663122072816,1.8181046470999715,76.7601886764168,7.599173113703728,748.00755828619,1.6624107956886287,34.26540642976761,16.71647187322378,1304.973382502794,1.2551667168736458,80.8916985988617,19.44855321198702,1245.16999348998,1.6990117728710163,69.26143541932106,6.881216540932655,81785.30554287136,46.09024617820978,1542.2437572851777,105.61577510088682,2849.175245501101,10.808859951794147,163.05441968142986,17.845770344138145,16694.980673491955,16.662082634866234,394.0836992114782,30.84554336965084,34044.529031962156,26.383763179183006,800.2877933904529,55.066775530576706,134964.58171866834,42.56032407283783,6248.89365863055,441.3317423313856,31201.35881472379,15.823752619326115,1612.5291585922241,129.91006951779127,68215.14235343784,25.107618421316147,3174.187010154128,238.65182884037495,102645.54095920175,33.88968762010336,4693.455621600151,336.7519937455654,116259.50206071138,78.81573401391506,4965.423955582082,131.92661572247744,11127.569596283138,15.457696281373497,210.75238473713398,25.180401280522346,27599.92810897529,26.981206610798836,413.6950708925724,44.99354399740696,61400.06249770522,45.24125251919031,778.924347832799,67.56663788110018,1495.6955565139651,1.4589633792638779,56.48478399962187,4.103081300854683,1236.2499488517642,1.2951903045177457,46.62233404815196,5.3342897444963455,756.5247593447565,1.3660639524459837,58.77218209207058,5.273148417472839,952.8367547318339,1.3611512258648872,55.57730328291654,4.077330231666565
p99_time_us,138900.77679418027,60.14597602188587,6851.8784223124385,122.04193975776434,7808.112902566732,16.338354907929894,201.61478314548728,17.966185696423047,30714.122490026053,26.07195638120173,408.99496525526047,35.71886569261551,62737.06187494099,37.68655005842447,1043.1585740298033,58.23110695928335,148362.26627230644,80.47990500926971,6464.978768490254,588.7521617114544,38815.55990315973,27.879965491592856,1680.5700957775107,143.1599585339427,74040.33952392635,39.25265278667122,3373.926007188856,271.18264231830835,108264.93251603094,58.37992765009403,4948.284486308694,361.9544627144933,9045.611247420273,131.1008399352431,270.4734727740288,126.0935189202428,4528.688252903485,19.08724661916494,109.50271971523759,22.736825048923492,5085.314321331634,36.45131830126041,163.83132897317356,39.293328300118446,6888.746679760471,74.18937981128691,194.97920759022233,71.6425059363246,1371.651659719646,2.1029775962233286,83.70612747967242,10.604201816022396,748.9584106951952,1.9270088523626325,37.97294571995735,17.744153738021847,1357.0724334567785,1.3470370322465894,90.85110388696194,21.036136895418164,1308.5220148786902,2.5305105373263355,74.65853355824945,7.131155580282211,87736.96337360889,48.4186178073287,2541.739922016855,108.29952545464039,6708.973334170875,11.793314479291428,164.8705080151558,18.34240742027759,24877.29941494762,17.214282415807244,399.98980239033693,31.309500336647034,46380.49220666288,28.904355131089687,815.768581815064,57.826763950288296,135564.22271765769,43.93677692860365,6301.907831802964,457.01341703534126,31274.437285028398,16.191587783396244,1619.1997053101659,130.80182950943708,68391.49835985154,26.411893777549263,3191.806492395699,240.928390994668,103146.20276447386,35.65330523997545,4736.22995428741,340.50007816404104,118244.37693692744,85.16345638781786,4986.723121255636,134.4245346263051,11157.688861712813,16.723223961889737,214.92576692253346,26.895948685705658,30036.15807276218,28.583486564457413,417.42098052054644,45.94580736011267,61963.321953080595,47.79748618602753,789.3424481153488,74.48706310242413,1502.94856633991,1.72492116689682,64.23259619623421,4.271054640412331,1246.7857776209712,1.3672234490513802,49.96520467102527,5.440413951873764,765.9995090216398,1.4906562864780422,60.7948750257492,5.385060794651508,957.4914397671819,1.5432387590408325,62.02173884958028,4.15425281971693
load_imbalance_percent,7.8552812786857,2.726674782406989,1.392290866033896,1.23426306463116,0.6346597446838178,0.19151510847353032,2.2363641493718758,0.08174843935421158,0.19579036765390703,3.7453501740954223,2.0825102955679093,0.4084700640613989,7.0701651652660065,0.8491378935837757,1.6998977976761616,0.6243484950271991,0.6621733132439261,1.0474050984898708,0.03891750295490222,0.10503490155395317,0.7193479877065728,0.2540831090979827,0.588444297733275,0.9407889433770786,0.8020526896698096,0.27572694842651835,0.06870039742034673,0.3159097886880142,0.48116987123375105,1.1246998876375618,0.04130542861833565,0.06376209346683724,1.3400294062033267,0.9867514309686423,1.6411444113022917,0.8590680151844592,1.64277584289139,0.422985168932866,0.38520509977649675,0.9465732250539013,0.7093816296002929,0.5884985362968863,0.7268337756998255,1.1114038310609502,2.0949267373324703,1.0555589250957647,2.2897622332661705,1.0183799663039979,0.06903858166946826,40.19077848283336,0.5473067265702075,4.729670587339223,3.014445688346934,24.977712116966813,17.15127579384202,24.3511355568038,0.04646083455585717,10.556289392480712,0.27736492170158294,10.306674563326046,0.13953480700322213,22.151526710552208,0.616722985580783,5.311758900503056,57.75591168413332,329.0178821777033,134.54661563115602,379.39435717241497,25.88664704807369,31.955276168694656,23.257023615012276,25.685168804363855,84.89662106020506,85.12687260089426,72.3920577656964,97.57986763328054,116.8900636463921,172.88709685658225,110.1042235196151,70.36065779052258,58.0963595024434,30.712725612299458,93.32190564528561,85.5758589404241,79.52705176934383,18.581168523040017,90.00724304419667,76.2023434161901,60.18800455156189,25.148474081991957,93.24430749837263,83.66756703574801,58.98032501763887,28.37052018452232,92.58275052144111,83.19396225200758,4.4700983232181235,3.9691927681352928,9.54852650318583,11.301821601138526,5.881264376524747,5.685505381322912,4.170243179760924,1.2222707792762129,5.387656852538015,4.942865175042577,9.463003070030622,2.8269018426296886,4.9139991977335375,4.925978093048974,5.647081052176369,7.868161649607726,2.9134286316944085,4.593703914441988,1.5259461039764433,2.692604631748215,1.6625327393584295,1.7656145259537914,1.3629765460560839,0.5904606496603025,10.403458487968223,1.2485577259808345,1.4917428475527983,1.073715522054458,10.63498084791802,2.7188142774127524,0.87099339614631,2.0436221844326816
bandwidth_gbps,0.8717860476634129,0.12017456999303187,1.0182792643332024,3.896893117288539,1.0984267597852395,0.04263557822421151,4.790588557787855,3.154560770156438,1.0092218360382421,0.0651409850665564,4.752682396746564,3.3078524650153316,0.9912950897247659,0.09148268507040995,3.1029752075898274,4.065697845743443,0.8233917924306909,0.09059341339880123,1.1908143874532353,0.8236062936711406,0.38269908093981353,0.03062017821900604,0.54260105697338,0.42463747456814444,0.39993920535114963,0.013881451858880943,0.5643155358099796,0.4481515356144595,0.546661227549258,0.05774788873380423,0.7867323104741388,0.6733891528305982,9.169943651580242,0.05418921243070898,27.79875531047647,3.656058994787399,1.8255159162329984,0.04807511737089202,8.603559326205929,2.5956907477820024,3.077041416092094,0.04386096417021823,7.9966902126767145,1.0364085634649218,5.195804187412136,0.049634346580065075,14.106063587032375,3.289237429028514,89.77624320663534,1.2691920365636378,92.34893654498217,43.44808154470871,20.78690628852504,0.44147445570165983,24.074479686836334,3.307393388846833,22.93724160559991,1.3368146214099217,21.427825544980358,5.453834311155495,47.31926235417844,1.2281859070464767,49.911988004855175,31.163100332857823,1.046018199481666,0.13934816629244062,1.3500253553980281,4.354569578777321,1.343180582167656,0.07209998239746523,5.887701015182823,2.9602728278790345,1.0237615243006901,0.10049807395048703,4.432118164344217,3.750969422067051,1.0242591046076315,0.10858960763520678,3.6090807320550735,3.6110724641673957,0.9027177594690546,0.11927346849634186,1.2296800498286298,0.9410176792605223,0.49623085177179005,0.05567184059586267,0.5949905821264393,0.43845734414044335,0.45652334708829057,0.06806021734073311,0.5984378963792993,0.500509781309546,0.5990644269169086,0.09802326137940937,0.8006986992929965,0.7036119483907679,1.0116338162318428,0.08518337510008422,1.5466602405391237,3.520306178973696,1.3909232997794092,0.050781056285643444,4.381911143706657,2.21630030436253,0.9022069490201424,0.06598894814003319,4.586399915145723,2.6156854919177808,0.9599513902483523,0.07337280226423883,4.760817475496734,2.9030825539737646,79.8932880942283,3.939408511661457,110.26687961301602,67.66752710376872,12.476813853792544,0.679721208098241,19.509661094210784,8.014185264445123,40.663708888724614,1.188279663475486,30.42547604366907,17.670643747893497,65.10537625645996,2.192132726786192,56.51177580167071,57.36820221030747
