metric,run_1,run_2,run_3,run_4,run_5,run_6,run_7,run_8,run_9,run_10,run_11,run_12,run_13,run_14,run_15,run_16,run_17,run_18,run_19,run_20,run_21,run_22,run_23,run_24,run_25,run_26,run_27,run_28,run_29,run_30,run_31,run_32,run_33,run_34,run_35,run_36,run_37,run_38,run_39,run_40,run_41,run_42,run_43,run_44,run_45,run_46,run_47,run_48,run_49,run_50,run_51,run_52,run_53,run_54,run_55,run_56,run_57,run_58,run_59,run_60,run_61,run_62,run_63,run_64,run_65,run_66,run_67,run_68,run_69,run_70,run_71,run_72,run_73,run_74,run_75,run_76,run_77,run_78,run_79,run_80,run_81,run_82,run_83,run_84,run_85,run_86,run_87,run_88,run_89,run_90,run_91,run_92,run_93,run_94,run_95,run_96,run_97,run_98,run_99,run_100,run_101,run_102,run_103,run_104,run_105,run_106,run_107,run_108,run_109,run_110,run_111,run_112,run_113,run_114,run_115,run_116,run_117,run_118,run_119,run_120,run_121,run_122,run_123,run_124,run_125,run_126,run_127,run_128,run_129,run_130,run_131,run_132,run_133,run_134,run_135,run_136,run_137,run_138,run_139,run_140,run_141,run_142,run_143,run_144,run_145,run_146,run_147,run_148,run_149,run_150,run_151,run_152,run_153,run_154,run_155,run_156,run_157,run_158,run_159,run_160,run_161,run_162,run_163,run_164,run_165,run_166,run_167,run_168,run_169,run_170,run_171,run_172,run_173,run_174,run_175,run_176,run_177,run_178,run_179,run_180,run_181,run_182,run_183,run_184,run_185,run_186,run_187,run_188,run_189,run_190,run_191,run_192
mpi_implementation,openmpi,openmpi,openmpi,openmpi,openmpi,openmpi,openmpi,openmpi,openmpi,openmpi,openmpi,openmpi,openmpi,openmpi,openmpi,openmpi,openmpi,openmpi,openmpi,openmpi,openmpi,openmpi,openmpi,openmpi,openmpi,openmpi,openmpi,openmpi,openmpi,openmpi,openmpi,openmpi,openmpi,openmpi,openmpi,openmpi,openmpi,openmpi,openmpi,openmpi,openmpi,openmpi,openmpi,openmpi,openmpi,openmpi,openmpi,openmpi,openmpi,openmpi,openmpi,openmpi,openmpi,openmpi,openmpi,openmpi,openmpi,openmpi,openmpi,openmpi,openmpi,openmpi,openmpi,openmpi,openmpi,openmpi,openmpi,openmpi,openmpi,openmpi,openmpi,openmpi,openmpi,openmpi,openmpi,openmpi,openmpi,openmpi,openmpi,openmpi,openmpi,openmpi,openmpi,openmpi,openmpi,openmpi,openmpi,openmpi,openmpi,openmpi,openmpi,openmpi,openmpi,openmpi,openmpi,openmpi,openmpi,openmpi,openmpi,openmpi,openmpi,openmpi,openmpi,openmpi,openmpi,openmpi,openmpi,openmpi,openmpi,openmpi,openmpi,openmpi,openmpi,openmpi,openmpi,openmpi,openmpi,openmpi,openmpi,openmpi,openmpi,openmpi,openmpi,openmpi,openmpi,openmpi,openmpi,openmpi,openmpi,openmpi,openmpi,openmpi,openmpi,openmpi,openmpi,openmpi,openmpi,openmpi,openmpi,openmpi,openmpi,openmpi,openmpi,openmpi,openmpi,openmpi,openmpi,openmpi,openmpi,openmpi,openmpi,openmpi,openmpi,openmpi,openmpi,openmpi,openmpi,openmpi,openmpi,openmpi,openmpi,openmpi,openmpi,openmpi,openmpi,openmpi,openmpi,openmpi,openmpi,openmpi,openmpi,openmpi,openmpi,openmpi,openmpi,openmpi,openmpi,openmpi,openmpi,openmpi,openmpi,openmpi,openmpi,openmpi,openmpi,openmpi,openmpi,openmpi,openmpi,openmpi,openmpi,openmpi
operation,allgather,allgather,allgather,allgather,allgather,allgather,allgather,allgather,allgather,allgather,allgather,allgather,allgather,allgather,allgather,allgather,allgather,allgather,allgather,allgather,allgather,allgather,allgather,allgather,allreduce,allreduce,allreduce,allreduce,allreduce,allreduce,allreduce,allreduce,allreduce,allreduce,allreduce,allreduce,allreduce,allreduce,allreduce,allreduce,allreduce,allreduce,allreduce,allreduce,allreduce,allreduce,allreduce,allreduce,alltoall,alltoall,alltoall,alltoall,alltoall,alltoall,alltoall,alltoall,alltoall,alltoall,alltoall,alltoall,alltoall,alltoall,alltoall,alltoall,alltoall,alltoall,alltoall,alltoall,alltoall,alltoall,alltoall,alltoall,broadcast,broadcast,broadcast,broadcast,broadcast,broadcast,broadcast,broadcast,broadcast,broadcast,broadcast,broadcast,broadcast,broadcast,broadcast,broadcast,broadcast,broadcast,broadcast,broadcast,broadcast,broadcast,broadcast,broadcast,gather,gather,gather,gather,gather,gather,gather,gather,gather,gather,gather,gather,gather,gather,gather,gather,gather,gather,gather,gather,gather,gather,gather,gather,reduce,reduce,reduce,reduce,reduce,reduce,reduce,reduce,reduce,reduce,reduce,reduce,reduce,reduce,reduce,reduce,reduce,reduce,reduce,reduce,reduce,reduce,reduce,reduce,scatter,scatter,scatter,scatter,scatter,scatter,scatter,scatter,scatter,scatter,scatter,scatter,scatter,scatter,scatter,scatter,scatter,scatter,scatter,scatter,scatter,scatter,scatter,scatter,sendrecv,sendrecv,sendrecv,sendrecv,sendrecv,sendrecv,sendrecv,sendrecv,sendrecv,sendrecv,sendrecv,sendrecv,sendrecv,sendrecv,sendrecv,sendrecv,sendrecv,sendrecv,sendrecv,sendrecv,sendrecv,sendrecv,sendrecv,sendrecv
num_ranks,16,16,16,16,2,2,2,2,32,32,32,32,4,4,4,4,56,56,56,56,8,8,8,8,16,16,16,16,2,2,2,2,32,32,32,32,4,4,4,4,56,56,56,56,8,8,8,8,16,16,16,16,2,2,2,2,32,32,32,32,4,4,4,4,56,56,56,56,8,8,8,8,16,16,16,16,2,2,2,2,32,32,32,32,4,4,4,4,56,56,56,56,8,8,8,8,16,16,16,16,2,2,2,2,32,32,32,32,4,4,4,4,56,56,56,56,8,8,8,8,16,16,16,16,2,2,2,2,32,32,32,32,4,4,4,4,56,56,56,56,8,8,8,8,16,16,16,16,2,2,2,2,32,32,32,32,4,4,4,4,56,56,56,56,8,8,8,8,16,16,16,16,2,2,2,2,32,32,32,32,4,4,4,4,56,56,56,56,8,8,8,8
data_size_name,16MB,1KB,1MB,64KB,16MB,1KB,1MB,64KB,16MB,1KB,1MB,64KB,16MB,1KB,1MB,64KB,16MB,1KB,1MB,64KB,16MB,1KB,1MB,64KB,16MB,1KB,1MB,64KB,16MB,1KB,1MB,64KB,16MB,1KB,1MB,64KB,16MB,1KB,1MB,64KB,16MB,1KB,1MB,64KB,16MB,1KB,1MB,64KB,16MB,1KB,1MB,64KB,16MB,1KB,1MB,64KB,16MB,1KB,1MB,64KB,16MB,1KB,1MB,64KB,16MB,1KB,1MB,64KB,16MB,1KB,1MB,64KB,16MB,1KB,1MB,64KB,16MB,1KB,1MB,64KB,16MB,1KB,1MB,64KB,16MB,1KB,1MB,64KB,16MB,1KB,1MB,64KB,16MB,1KB,1MB,64KB,16MB,1KB,1MB,64KB,16MB,1KB,1MB,64KB,16MB,1KB,1MB,64KB,16MB,1KB,1MB,64KB,16MB,1KB,1MB,64KB,16MB,1KB,1MB,64KB,16MB,1KB,1MB,64KB,16MB,1KB,1MB,64KB,16MB,1KB,1MB,64KB,16MB,1KB,1MB,64KB,16MB,1KB,1MB,64KB,16MB,1KB,1MB,64KB,16MB,1KB,1MB,64KB,16MB,1KB,1MB,64KB,16MB,1KB,1MB,64KB,16MB,1KB,1MB,64KB,16MB,1KB,1MB,64KB,16MB,1KB,1MB,64KB,16MB,1KB,1MB,64KB,16MB,1KB,1MB,64KB,16MB,1KB,1MB,64KB,16MB,1KB,1MB,64KB,16MB,1KB,1MB,64KB,16MB,1KB,1MB,64KB
num_elements,4194304,256,262144,16384,4194304,256,262144,16384,4194304,256,262144,16384,4194304,256,262144,16384,4194304,256,262144,16384,4194304,256,262144,16384,4194304,256,262144,16384,4194304,256,262144,16384,4194304,256,262144,16384,4194304,256,262144,16384,4194304,256,262144,16384,4194304,256,262144,16384,4194304,256,262144,16384,4194304,256,262144,16384,4194304,256,262144,16384,4194304,256,262144,16384,4194304,256,262144,16384,4194304,256,262144,16384,4194304,256,262144,16384,4194304,256,262144,16384,4194304,256,262144,16384,4194304,256,262144,16384,4194304,256,262144,16384,4194304,256,262144,16384,4194304,256,262144,16384,4194304,256,262144,16384,4194304,256,262144,16384,4194304,256,262144,16384,4194304,256,262144,16384,4194304,256,262144,16384,4194304,256,262144,16384,4194304,256,262144,16384,4194304,256,262144,16384,4194304,256,262144,16384,4194304,256,262144,16384,4194304,256,262144,16384,4194304,256,262144,16384,4194304,256,262144,16384,4194304,256,262144,16384,4194304,256,262144,16384,4194304,256,262144,16384,4194304,256,262144,16384,4194304,256,262144,16384,4194304,256,262144,16384,4194304,256,262144,16384,4194304,256,262144,16384,4194304,256,262144,16384,4194304,256,262144,16384
mean_time_us,138051.88745312506,55.96058062505627,4342.23127937502,278.93639562504234,3311.6946149999735,10.790409999978934,203.84659999999053,24.593549999991637,405148.9186759376,118.01925343746689,12953.195354062505,509.59732781250875,17713.98691749994,17.904330000080293,492.27520749993926,47.212302500003744,980347.6419814286,211.04283517855777,33117.648283392795,1581.6913637500045,50900.55507500006,35.633611249974436,1086.7082712499855,99.70116999993283,132220.44565,56.163826249997214,6728.084876249997,461.33582249999597,34148.56514500001,23.142784999998778,1680.226594999994,131.9657750000025,185088.16267968746,77.68121812500002,8973.696721562494,632.7509059375021,64978.49935750001,32.58578000000789,3332.614209999994,240.5729524999972,278298.99219375,88.89178071428552,12953.129192500004,872.3991950000014,94646.27889749996,45.08675250000038,4964.143282500004,345.0322137499992,9425.75225249997,141.60048999976027,283.1031656250804,112.92544812488536,2334.3042000000655,14.72994000009109,104.64841999993091,22.403589999955287,13842.418402499836,510.4376506252883,524.2286190627432,241.4595468749603,4154.417487500046,27.09745999992741,154.46645750005317,40.61375999997452,17302.21130357151,532.1615092852941,1122.0021194638718,535.0826953572303,4888.90235500004,53.50215249988466,197.4910674998931,69.86391749987497,2237.1881981248885,2.431263750013457,270.20926625006774,26.640903124999227,541.563414999957,1.20049500000885,18.563865000045254,2.839779999992409,3610.1208462500886,4.208910937459898,493.88717156239267,34.63372718752744,1279.9289475000376,1.7786225000149258,117.77723749995417,8.56151499997182,6870.707811607224,4.965645714395554,536.7038639286596,41.67020071441081,2168.2463125000595,2.0759062499609016,181.1366337500386,12.818478749974105,37182.14327500005,10.6783793750731,636.6099631250278,54.55416500005139,2375.542640000008,7.645240000027087,147.90005500001425,17.06451500005368,65641.6096853125,15.805845937486573,1124.5716759374825,122.64339468757602,7868.401870000095,8.138212500004016,237.02338499993482,23.292425000009942,52225.508093750024,24.82808339264762,2489.881519107244,318.3387816073642,19039.888047499917,9.163513750021224,382.7432037498913,29.913872500055838,79716.61389812498,35.85368812489609,3294.788470624939,247.6963687499367,14760.816570000003,13.190060000036752,830.913464999985,67.81105000003951,93859.05499531263,47.372281562374496,4591.124741250034,341.82551125006455,39228.945582500055,19.772822500199183,1645.671209999975,130.44793500001538,129352.16533732119,57.867910714506365,6844.743152142538,503.6150498212676,60255.12302624999,26.79134874982836,2436.8956425001143,189.99882499997065,122722.35998812494,63.63060187501101,3385.9546350000214,147.2856262499711,8741.777324999988,11.328269999983931,212.97770499999038,22.244499999990452,259381.7080875,138.87154593759556,7279.634916874916,334.8398178124246,25849.94344249998,18.402072500052213,423.5915699999948,43.29443499999197,569108.7628303573,266.8752533928855,18408.688104999754,728.7265523212839,58847.114777500006,33.59217625000799,804.6850699999508,75.26654250003872,1516.014023125205,2.075661249856253,23.03770874972244,4.10104562498681,619.079724999958,1.9357149999610357,21.35728500003431,4.085994999982745,2917.842552812253,2.7785646876044012,26.568930624764064,5.477071875175099,621.8825199999767,2.0317850000228788,21.10586249985502,4.038177500085283,4152.318086606854,2.896682499604302,31.032071428721714,5.58100696435661,975.3282049999435,2.0035974999910167,20.59562375006152,3.9648549998450027
median_time_us,136977.2109999996,56.13650000135806,4100.87500000067,288.9455000012475,3152.123999999645,10.737999999399506,203.50849999983822,24.54149999930877,407147.53450000176,117.78949999907695,12791.425499999676,507.42399999847976,20244.01450000024,17.719999998888625,503.5129999990673,48.31650000003407,1005120.1540000037,209.89949999972168,32481.49150000046,1579.4835000022545,50929.73150000013,35.613000000545014,1078.029999999508,92.86649999928898,132499.6969999992,51.738999999995094,6637.211499999962,460.71049999996114,33944.4065000003,23.060500000005035,1677.336500000126,130.65000000000992,184972.03949999806,70.58399999992915,8897.399500000125,638.546499999948,64639.691,32.386000000106385,3344.828000000022,239.38099999998298,276856.2114999993,86.49250000014597,12966.717000000071,871.8180000000242,94685.85349999969,42.04349999992196,4974.805000000138,345.56750000003245,9224.126999995973,106.76950000032548,281.03799999712464,111.2590000005298,2255.823499999643,14.597499999879915,104.23600000031286,22.35999999911087,15032.607500003793,227.70450000564324,523.0875000137303,243.31350000750263,3073.6160000000013,26.96050000139394,153.9995000019445,40.36800000051244,17314.834000018207,506.6155000008621,1097.9060000124718,532.8199999894423,4665.318000000696,53.08249999913528,196.6895000009572,69.40800000165837,2279.4610000005378,2.420000001279732,268.69899999937275,27.29200000217702,541.7415000001924,1.2004999998538324,18.242500000376083,2.8074999995908456,3447.5604999997245,4.178500006446484,454.3265000052088,34.868000007293176,1440.924999998927,1.756000000519009,118.17100000044434,8.98949999950105,7147.32399998752,4.876999994962716,543.2444999939889,41.48399999337471,2407.424499999422,2.0599999999149077,177.07300000147086,13.731999999322397,36991.23199999832,8.33800000066276,611.3575000021854,51.616500002182875,2804.3710000003052,8.949999999785518,151.6955000000486,17.504999999751192,64116.16750000349,12.901499999884436,1055.986499999051,119.31150000066282,6072.096499999624,5.814999999742554,219.5594999996331,20.060999999849116,49503.29000000408,21.77500000755117,2300.240499991446,310.35599998574526,16586.334499999466,6.682000000424182,356.71350000043844,28.248499997829413,80576.79299999875,36.18400000249267,3294.9914999989005,247.81950000019037,13935.105499999878,13.935499999728762,717.8794999997962,70.70099999983981,94691.89550000579,48.110500003417656,4553.749999999468,342.55999999288633,39856.450000000266,19.76650000123925,1635.9265000005507,130.5635000008465,128922.84649998942,57.747500022742315,6710.940500028073,504.16950003295824,59806.69850000097,27.6175000006873,2289.713999999776,186.33749999885652,122343.10749999722,63.398500000033664,3618.5050000021592,147.75300000025027,9506.823500000206,11.301000000241146,212.80849999971707,21.043499999873205,259096.41549999663,136.99600000194323,7956.378999992353,333.21999999458285,25717.076499999435,18.474500000920102,439.26000000027443,43.47099999968407,568626.8864999989,266.61600000466024,21091.945000009106,721.9775000066875,58848.86649999999,33.45449999869743,804.0625000003132,76.08550000171022,1513.348999999664,2.0339999906582307,22.71050000501873,4.084499998668889,619.4270000001723,1.8860000006171163,21.275499999973135,3.937499999828731,2919.4384999868817,2.6650000108929817,26.49900000051275,5.343500006915747,627.1454999993153,1.9840000007320668,21.636499997867986,4.011500001510626,4171.597999999221,2.823999977863423,30.7389999818497,5.520999991404096,980.4660000014565,1.9714999979214554,20.603500001215025,3.9520000001402877
min_time_us,106927.85000000171,50.735999998607895,3632.223000000323,173.7799999972367,3103.0439999994996,10.008999999477908,200.39800000049013,22.778000000833742,273875.0450000005,104.27900000209434,11142.07799999889,451.6750000007619,10411.466999999064,16.448000000224283,381.80000000132,37.93800000018166,588247.2180000065,193.725999999117,25779.548999999235,1391.2909999973522,34634.01300000157,30.920000000378423,799.1419999999749,68.68400000037411,117656.23199999986,48.674999999942514,6208.339000000063,445.1960000000366,30589.47699999992,21.778999999888526,1440.333000000127,124.15900000006808,164091.22900000028,64.39300000016246,8254.623000000016,592.2689999999786,57733.205999999984,30.733999999865702,2888.4670000000056,231.1550000000384,250511.00099999955,75.89500000015903,12114.846999999872,837.6459999999142,82359.38800000043,39.09999999995861,4466.926999999954,329.798999999964,7851.400999996372,99.42399999829377,261.93900001203474,107.33599999923626,2241.7140000001723,13.638000000426587,103.0499999998824,21.530999999797018,10237.434999993411,211.47200001792044,471.3140000092153,225.0729999957457,2824.0639999985715,25.388000000958755,137.5370000005205,36.44599999930165,15823.151999995844,478.57499998826825,919.2090000169628,498.534000030304,4206.756000002088,50.40199999939432,181.94700000151443,65.94799999959378,1730.5019999938054,1.222999998162777,112.14200000608798,9.263000002590616,538.1460000002392,0.9289999995942821,17.92700000002867,2.5389999995795165,1162.2870000138619,1.7259999935959058,230.87900000007266,15.971999999919717,549.3300000001256,1.1410000002598508,96.98700000093652,3.420999998837715,2621.5799999818046,2.732000012883873,247.52699999908145,17.706999983602145,947.8210000004594,1.0639999992179128,151.33499999819833,3.5179999997581035,10230.143000001135,5.53699999983337,134.27300000046216,19.425999994382437,1747.4330000002424,4.920999999491471,113.97799999990355,13.176000000392207,9516.983999986905,6.725999995182974,141.32600000493767,32.58399999594985,4338.341000000411,4.708999998825902,124.31999999940047,12.79199999970615,6337.55100000144,8.29699999371769,183.819000000085,61.019999975542305,5352.030999997482,5.2530000012041,133.48899999954256,14.382999999895674,29965.689000007955,23.85099999457907,356.4249999996605,59.57599999817376,2309.926999998879,10.440999999694611,112.04300000056122,19.208000000325853,24980.412000019212,32.50799997545073,483.689000020604,73.06200001266916,14432.787000000502,14.545000002641473,195.998000002362,34.322000001196784,29948.162000039247,38.222000000587286,599.259000011898,96.6050000101859,22510.773999997014,19.256999998162883,281.3790000004701,46.68500000093445,109309.03799999924,54.05599999619426,1263.945000005151,100.00099999984968,4036.7709999999947,10.134999999245053,196.32199999986,18.999999999991246,230037.20900000248,116.67700000828063,2557.2619999962853,237.24499999389081,22917.475999999937,16.278000000369275,359.8680000003185,30.512999998677515,487921.3369999889,224.77200002413156,5540.923000012299,546.9909999931133,52342.40900000131,28.66799999878822,669.2289999996603,50.81600000167441,1404.2800000027,1.6580000021804153,20.929000001501663,3.620000001092194,616.2940000002948,1.7040000006574019,20.830999998722177,3.72800000114637,2698.880999986386,2.0479999989220232,24.343999996290222,4.584999999224237,579.4039999997835,1.6499999979657787,19.44799999975544,3.730999999618234,3792.777000001024,2.0389999804137915,26.734000016404025,4.714999988664204,916.4410000011003,1.615000002175293,19.342999998173127,3.589999998609983
max_time_us,181431.20300000248,69.41299999851935,11259.885000001192,333.83300000267013,14672.785000000133,13.229000000336555,217.41100000038927,27.298000000008926,528592.81100001,150.2530000010438,24605.77799999797,609.7680000003436,36113.65100000086,23.942000000332087,600.4480000001422,58.21799999949917,1435585.5549999888,280.2909999957137,68005.79400000117,1940.3830000044309,81939.58500000065,48.55300000095042,3287.578000000124,140.2860000006001,153273.8130000002,349.08399999977746,8377.513999999976,505.12799999991034,41435.57500000017,28.17099999985473,1830.2100000000544,204.6740000001268,208373.33200000075,286.42300000014666,10673.323000000013,679.6799999999603,78671.88299999927,49.677999999886424,3647.022,360.39399999987506,312262.49799999996,177.35100000004778,13701.876999999919,934.7819999998563,108347.96400000002,198.40700000006706,5359.418000000061,374.98599999996605,13755.62200000502,3002.2819999970807,448.0970000031448,128.22999998718387,8258.10300000107,19.37300000065534,112.7270000012004,25.701999998517522,21433.263999995233,32431.917999986126,714.2119999912211,292.04000000504493,10106.963000001911,32.68600000083666,174.86899999852312,45.59299999939981,19346.332999987226,51189.85100000373,1636.449000045559,653.5040000130721,11959.248000003698,65.37399999473337,225.5919999996081,86.41300000533647,2716.0299999948734,3.7200000022608037,447.1809999984089,52.58600000246361,567.7259999998796,1.5659999998973717,48.04099999944356,6.187000000323906,6054.176999995775,7.381000003192639,716.6540000014265,62.45699999851695,1741.6029999992588,2.7309999985902778,148.11800000025244,13.983999998856689,11122.065999984443,15.599999983351154,732.5390000119114,68.42499999493157,2697.3619999992593,3.12299999905008,239.08899999725008,17.03699999922037,116576.09899999955,69.3560000044613,5219.451999998626,171.0230000000479,11642.261000000432,13.755000000337247,191.26900000010494,23.223000000349714,241540.1460000055,130.8410000007143,10812.760000007416,415.76899999995476,28711.6660000013,18.427000000542648,405.6030000008093,39.8989999990107,357323.2410000173,264.01400000963804,25014.85799999159,1020.9739999993417,59403.19099999769,35.46700000001124,818.241000001052,68.71300000099723,140236.35600000262,50.37300000054756,7276.851000000306,437.2140000015179,31084.993000000337,17.718999999694063,1593.7670000001347,120.2249999998628,175779.41799999052,74.412999993001,9875.46400000383,660.7290000033572,66634.04100000036,27.517000003030034,3170.387000000829,228.59399999930474,233991.9560000112,107.7840000220931,13875.376999976652,889.2309999737336,97633.22400000619,37.94999999939819,4854.123000001209,335.72899999967376,163129.27399999922,92.32800000091856,5935.614000001977,221.954000004132,11437.501999999711,18.952999999655162,233.2920000007732,28.03799999995249,306996.3289999862,363.0989999976464,12527.456000000824,454.5120000045699,40467.81799999977,23.110000000770015,501.33399999907624,49.58200000082513,680219.9109999947,364.66399998857923,35550.190999998675,1074.2320000076688,85577.99600000138,49.59700000028988,983.4419999990018,101.57000000177163,1674.796000003198,3.075000009289397,27.306000006888098,4.994000008196053,621.5160000007103,5.69500000047185,25.023000000956586,18.62000000052433,3044.4029999898703,4.910000001245862,39.25199999343931,10.2349999906437,656.7210000021362,6.490000000525242,24.39899999728823,6.395999999853075,4577.917000005982,9.384999998474086,137.9220000217174,8.53799997457827,1056.638999997972,2.9379999944012525,30.24000000095839,4.593999996416187
std_dev_us,12936.220221288393,2.5855681717820445,857.418175430919,29.67564939416076,1235.7733476220446,0.4260010585818783,2.9603828266201933,0.6100538316117184,27505.56961979734,4.391310891959491,1152.726369563025,22.87345535225773,5009.482512093181,0.9833675285592012,58.98109931337586,4.9531214270271855,118807.49927424117,7.74933318594715,4121.627040888927,73.73357016384504,11152.995094788657,2.0370841176962937,106.96049500523384,15.398792574749327,6057.719313471205,29.21044594265278,321.5679669316124,7.921291484094617,2007.724037602382,0.8141040527888016,38.589329155752154,8.909328859942322,8794.200258858344,35.782571538407836,400.70191923135275,19.051488623504753,3616.485182030452,1.513746777569026,69.92101793531191,12.546545947201773,10364.819401714276,11.126632534185722,248.78530370181116,10.581739400269043,5215.498899651037,18.552387777283133,82.453740408076,5.496330212567041,1101.7533006026001,292.221022671744,15.182845997130835,4.449199586152344,627.9418124111692,0.7420306910243952,1.5358205278747583,0.5245307063792336,2473.1402818127794,2812.1612163770565,22.70446285771583,7.799817095128328,1511.9367245141016,0.8357641343460341,10.49532042346147,1.586053729344287,305.04297901858257,794.675508356858,119.84157086259057,16.334721924267484,930.2263947404164,2.1328152695337557,8.4672728189371,2.3805878147014035,196.41592082364537,0.444928152087668,86.3011102324357,8.200188237547195,2.990003674385875,0.12280297221287627,2.967558241507358,0.3486973496080719,1194.32529627882,1.0205573547946487,139.054733161505,8.49322260776276,477.6644671310196,0.3133340469768395,5.837372433365761,2.0373402832647725,1908.1713006188024,1.0651023946740543,111.88209936271093,8.803709856727156,461.6945984137473,0.40122468764775443,11.104131817546367,2.6370789890760786,18765.565423323256,9.894918711443026,393.1136952745057,27.27675003400791,959.2507788584497,2.3701760656809854,30.834835095442326,3.1446592740351624,37215.21748079317,16.881188600558847,763.471296793543,62.5791718680547,4630.359594365495,4.435295531661919,98.24896872139664,8.2319928622427,38439.017911927054,24.984580022185753,1789.587207691987,165.0150457255762,10741.921641052495,6.757840189752056,196.624296139654,13.592023608366487,24583.635218489984,4.842983983417798,1480.074056094859,91.7172820394385,11562.267283794601,2.0167415814664946,717.6129069338195,46.893970816150045,30758.042721853548,6.068463084338491,1842.6019936318332,115.56231161240316,17313.54477596507,3.074242781173982,1033.2988113450356,65.6417344106847,40149.12277533581,7.838833596450654,2461.6543662719796,155.3853979892919,20623.32375636975,3.8795678431432803,1253.1701851476573,79.6777081275037,7657.647145386602,5.355413554859582,1819.9364870593622,25.026440592425576,2393.476486990131,0.8449287822806433,6.111969765780996,2.474890864231004,14968.809178462321,22.877931273065652,3944.9685701199533,54.29148395853984,2098.097488245155,1.1575521941914666,37.16834680217455,4.714245018683841,32045.99629790844,20.802889623330714,9542.025831648178,97.26216077667512,3898.3970320106355,2.8807587412141107,78.08466750107765,12.506664741495676,65.67496191695628,0.20231111307138527,1.1283124768465917,0.21263965646905167,1.356740022781564,0.3865130188995422,0.5198233389921402,1.4602857546240358,56.99833383301642,0.37409672475175576,0.9319040262719395,0.5420139310066125,30.130946480194485,0.38045515350099657,0.9677818573709306,0.23043104386492447,153.80666719289385,0.34891255417398076,4.501267481284659,0.38126169806889904,21.29060962027782,0.19369086316173226,0.8115402251931011,0.15903496935589403
p95_time_us,164299.65765000496,59.978749999345375,5775.758500000272,308.45385000155545,3234.312199999767,11.453549999940192,208.70444999978582,25.602449999784223,447103.6233499962,124.78745000077396,13494.358300001253,549.7062000006991,24758.219549999412,19.577700000539256,585.1469000004884,54.87575000007183,1143402.3791999987,225.57425000151457,36958.464499996786,1686.835449997659,66733.29169999977,38.47894999848833,1155.8920999999777,120.50594999992725,140544.88094999947,56.392550000117225,7391.161499999875,472.9959999999589,37158.53249999972,24.11204999989147,1721.0035500000554,135.54245000012565,199590.25829999946,75.27684999993899,9659.914099999809,658.4848500000184,71037.42210000004,34.00819999995752,3379.1832000000577,243.62985000004886,295262.13220000116,95.5517500001557,13313.293850000064,888.223900000007,103373.2942500003,46.702400000009355,5017.84304999987,351.4530500000057,11442.56644999402,113.44234999342005,296.2883999941823,122.91514998850062,2270.2025499993897,15.575300000136846,107.18530000044524,23.06480000031641,16483.144200003608,240.78915001837228,554.0967500010652,252.37320002275965,6866.080250000906,28.394150000821124,172.11794999809626,43.7202000005854,17754.884650017288,548.7916999925346,1338.8513500046886,568.933500011326,6696.470649998786,56.62304999880518,213.3372499965702,73.54279999880474,2473.9251999974954,3.165249995618069,410.96534999880413,40.618899999955715,543.4025499999161,1.3880499993845774,18.52414999969909,3.0021500005528168,5260.400549998678,6.105150010426995,679.1571999926305,48.623750011245164,1711.2380999998677,2.3370499998343064,126.1902500006684,11.26110000084779,9736.568849999117,6.660249997025859,677.0470999924783,55.98849998591504,2609.4903499979337,2.7599999976146705,200.38674999867112,15.546950000100423,78443.4272000027,46.938099997007036,1560.3387000005853,131.16749999930732,2827.410550000309,10.382100000105865,181.22559999937948,20.515200000037478,114202.8252500033,18.15480000217917,1951.5102999967835,195.86969998854897,17098.204999999565,16.123550000024522,392.7391499993327,37.17589999929771,88834.96855000746,33.43504997843638,4394.105299989804,539.1739500126391,40407.83519999955,26.804350000908528,804.2066000010451,61.04069999839368,125105.81509999455,44.288449997864625,6214.845099996324,430.0492500050268,30243.775249999682,15.645549999510067,1589.0320000003567,115.59114999966091,139469.17380001338,57.58860000355526,7294.880550003313,512.5423499890758,65470.10814999936,24.274350001185496,3132.656999998496,224.0098999997997,192492.34704999483,69.90760001031049,10722.319699999616,751.1171499913871,93713.55539999549,33.19765000036056,4653.467599999672,328.8470499988705,135421.79570000066,71.72810000461993,5442.060749996003,185.83029999952316,11223.681099999983,11.924299999765964,221.39650000023713,25.167199999875933,282351.72614999866,151.627599994697,11784.676550004036,420.4758999989622,28440.794049999775,20.09234999977849,466.226599999775,48.261949999872655,617918.5127000224,297.93470000214484,31391.667849992195,884.8280499975658,64883.80525000145,37.29950000206372,913.5063499995155,92.2390999972933,1647.5992500012637,2.4670000016158156,24.65430000100355,4.485100004814057,621.0106499992207,2.0787499996899323,21.86495000042754,4.126399998582997,3015.673849992595,3.5180500006504185,27.90904998306587,6.643050005550322,653.3271999984436,2.2870500009375405,22.182699998651856,4.27140000152093,4374.350399999116,3.5549999779505015,34.04604999843741,6.313149972925204,1003.1774999990971,2.365399993564665,21.334250002524865,4.248099996218002
p99_time_us,171432.08710000245,63.19802000295028,8398.045490000959,313.7676599979855,8054.578700000317,11.648109999899948,214.06511999988885,27.06989999971654,480044.2223300014,130.21186999825568,18414.939509999782,574.4998599989514,35422.61402999992,22.38632999940648,596.4546999990006,57.05240000072109,1247833.697650004,234.48485999985286,57309.27352999941,1862.4141800042082,81373.86996000039,41.63211000003386,1428.9912199996913,132.45382000020456,146868.54554999922,266.76567000011084,8131.645460000076,495.31650999999675,38411.09452999992,25.99793000003679,1726.8345299999623,182.00017000012505,206900.545229998,282.32737999997363,10493.78447999993,668.9510399998921,76351.40302999984,37.08470000018726,3401.4549899999843,270.015139999961,307189.30841000134,157.44131999981371,13409.307950000159,916.4866199998568,107430.4000900002,164.8478299999964,5173.332129999822,362.56032000001596,12328.736679993424,746.2314999976421,318.5901199962868,125.30224000073531,4332.186110001181,18.051789999073968,112.25402000096807,24.531710000932346,18377.262310018803,624.6530299690406,577.9852500091916,260.9610899844483,7221.304539999035,30.291930000707612,174.24267999992082,44.5204400029553,17997.966300037548,692.9766800061545,1398.591799981546,594.4383000280595,9305.797769996556,64.08321000151318,220.08192000505744,80.55470999643433,2642.515899997875,3.447049997475915,423.69805999697974,44.28128000093068,544.4016599999288,1.4592699999305123,20.77018000031547,3.0991000007940253,5494.711340007399,6.685060002382668,702.4510699912411,53.03713000074594,1714.3091400002497,2.5690400011590953,129.5913899994971,12.779460000320595,10424.977360010247,8.573030002310134,705.6432300140615,60.70706001679582,2664.809600002123,2.9549999993605525,208.09264000099859,16.273059999960537,91506.38197000632,48.611340000164205,1591.4322200018205,142.93511000296633,6794.972260000074,10.6794499998486,184.0897500002203,20.944959999971132,166205.84214000317,109.4895200066048,3400.0051099972893,352.8438800016431,22968.609409999754,16.637580001628294,396.2907699988527,37.60000000045948,187345.4549000067,198.8276899913899,9643.265110009643,946.5323700004546,48639.2255099976,27.503910001662742,809.6982499976591,62.18251000053243,134015.40299999525,46.05068000167023,6248.174109997962,433.888640003417,30663.532210000958,15.849929999358634,1592.983409999693,116.82175000057526,161791.38222999143,60.67322000717467,8728.20427000647,613.4793599841258,66277.85324000129,25.04042000058604,3140.6551599992836,225.53549000196682,218115.60053995214,74.93027998293657,12373.480380023806,852.0397900048238,95864.81855999431,35.28416999902362,4681.117649999251,330.7401299990076,140660.49939999435,80.71043999883898,5686.380570000367,192.31279999502246,11322.522849999501,12.430670000567137,228.29438000025345,27.066380000349,294207.8844199999,166.1818999985711,12057.290229994067,432.1540000054824,31823.628830000805,21.689400000095556,471.59058999925566,49.00219000079531,649612.2313300273,312.36958000619114,33408.36050001372,916.3760800132081,68777.73987999924,44.5513600018188,922.536470001063,96.28891000136973,1662.3111700023685,2.685179998280773,25.949340004700616,4.701029994720329,621.4434299999994,2.312830000263913,23.911949998733906,4.4522599995743075,3031.1917699910396,3.8510300024086055,29.908109987957232,7.695420021889267,654.2860700027476,2.520019997618291,23.4179899976894,4.451670002332263,4461.451990007959,4.016049991264482,36.822150026978306,6.858999995529302,1045.974639995748,2.542030004235585,22.942769994003243,4.368189999084393
load_imbalance_percent,10.666483268383464,1.3859566259255534,10.56256383218965,2.328937520199361,0.6760806053362692,1.852385590462,0.4637604943989264,0.8822638453611708,5.665512708037664,4.665701910597581,4.11718577046183,5.636079826165573,1.4901130035231172,0.8258896033624394,3.1044936383600468,10.74863379086082,8.370808516732865,7.230719208767887,2.391508599371201,2.7447912560579555,11.841896490359984,6.482864545342324,3.32054054474874,1.722758118016881,0.8174848486452567,11.31091696234326,2.005767261147087,2.171489186711177,0.7165090947776559,0.23750382684571875,0.334441498350066,0.6001821305604991,1.5356532417641788,4.328384590457977,1.5560845521107434,1.413490518711244,1.9293631507287141,1.3073494020949803,0.33405246747712325,0.48715680122133154,1.448519203922802,2.403179763691271,1.433186334677127,1.5442924612053375,0.7302883964922143,2.2585292653067865,0.31260897635038437,0.7853835502909422,22.139100642564298,0.6980554944456182,1.8035136992608927,1.1616530167601022,0.30336962937394735,1.1442680692248122,0.16052798508851596,0.23746194266605491,18.8724142815069,7.730426884890916,2.6574113718050345,1.0961890549148194,12.937426344780366,0.9904987399946193,5.229272834076145,1.5393305123970094,0.8854696301090685,92.07794854847357,3.3559562751230794,2.1978686187802206,1.9623639016192753,0.9280514471279135,1.4746856841932316,0.7840277486984062,6.210300143347256,27.300051267489106,51.3728102946871,50.3314276265841,0.04926200562547239,7.545637424037754,0.3893855078307839,2.26602060628782,43.54795229037008,34.85673811761696,33.98874643909644,32.53600962767624,33.44519813665489,22.850126995940702,1.8354841274104798,12.115087109801193,42.472866528564076,35.26559055746878,20.77537047257759,27.853739807072248,16.929534499099162,29.475500159965733,3.4347310762708423,17.624253970543162,129.43785224817782,353.96701406592325,154.82398233870586,149.3788512756659,24.059106764759967,30.440509388514137,20.812585228595047,18.27743126592816,170.68479027527118,584.7670186570117,199.39856943252104,184.2139855053085,81.45773685552543,93.74451085119323,64.84504261049253,55.72680817897061,396.47905869015284,717.1609817473884,215.51286636387542,198.310461955875,103.11666330978171,193.39978891882947,109.65134903459217,104.69008149935364,61.774254755486055,25.202991232055457,90.33787619178918,74.29873202359664,76.90014089782854,14.97165289625126,86.03436038914477,69.12849749407476,70.36224845645981,26.743441565429173,87.90503169061455,74.1970041451351,61.49333296957494,21.427428988525936,89.5703978439262,70.99990889085338,69.23470197745509,30.824197837242746,82.98437913008408,69.73534851723807,55.05715095677072,23.976027895838754,90.28267190149327,72.6784152481024,11.310656202519322,11.005754964913308,14.46067646444055,25.204471539496303,2.9059245683775625,1.167256783160244,0.47605687177313405,0.5895839421286082,12.907056985378155,11.103177370429103,14.30126956932081,27.388350282487643,5.620053447047637,6.883069827955181,8.24689452624189,10.16496692951445,14.208633340573956,12.284127579267743,16.619861543360162,23.32942269467434,8.886979900839089,9.852543417201185,12.97707685812142,20.742533111399393,8.667762624298113,10.970901385013574,6.627791271886782,4.001525210937796,0.0005451640284953958,0.4088928374742947,0.00021070116417647543,0.05004900953389035,3.575519764968719,10.33862240130282,4.203253013173425,18.56828154527898,4.73795758079403,3.266831877603924,4.481491813043397,1.6629407649438381,5.60205886304257,15.018473425356586,9.163418494281899,13.398532612908367,1.9713646033429586,5.050540332021875,2.388838792574121,1.5482281330042365
bandwidth_gbps,0.6889663846852092,0.10991304988132976,0.6938347949378855,1.4626512357858406,1.0648966777608926,0.07208967543895894,4.49178054467461,2.235883810168512,0.47295384045621325,0.1015539727153135,0.6350134509057705,1.6015312381093296,0.8653237525056455,0.07966538437833282,3.2527795912377715,2.096779561322102,0.3047536933457118,0.09526842053360025,0.40207971103167367,0.8807459017091458,0.7627570971954459,0.07856769438655341,1.188184736605444,1.7403064097554684,0.8155339620865296,0.021855468973813935,0.9325558871044588,0.9666485524462843,0.37709142445832927,0.03385305159245919,0.5335794799503724,0.29820669088385526,1.1997696519053556,0.05327361651296225,1.463930211800016,1.4367974635123248,0.3972194233612063,0.038394231507243866,0.5355396814167833,0.33871349828255276,1.401064818228669,0.15056515530990977,1.9956207459751802,1.8282170334904424,0.5768451726513291,0.019226626407453925,0.7288571259043344,0.6510659731297225,9.087193585281303,0.0025411985054226813,17.434841116867936,3.8078550265055133,1.892081026356534,0.04922698169483248,8.663075394444995,2.374724000214788,11.664112381579194,0.0004704867921319525,21.877257733266955,3.3439340500723533,3.091927812538157,0.05835368759602515,11.169075136339176,2.6773915404032844,22.61410469882271,0.0005216440434525401,16.709197780828333,2.6151092800745137,5.2260811047635,0.05835190237605651,17.315551969958094,2.825276578581035,46.02305571007535,2.05091250715411,17.47055442880578,9.2853848928826,27.522079312913824,0.6089874306952422,20.327688849343502,9.865064853209091,41.29380426111996,2.067306470112429,21.802710931591673,15.635757401463225,17.943239647619635,0.6984066766009006,13.186277157379058,8.729284361411635,39.33621685041358,1.7117231338380265,37.327364139732325,24.97602301975286,23.170786865098997,1.221484875691743,16.33805821282003,14.330024359404362,1.0722609614857714,0.11000338154967476,1.4968046453922856,2.855061892259306,1.3420932583455585,0.06933292012961596,5.105701917192353,2.628220137324242,1.035024628990637,0.11662085326783422,1.4450519571311378,2.348810276860724,1.0884077573206161,0.10350836450623169,4.815361326213324,3.0594830071687698,1.2243815957103634,0.10114191239252536,1.0931003486011872,1.6738764895101168,1.0521320310890778,0.1075562428630499,4.773960239092123,3.5530485497133992,0.8913523109513604,0.15145801384009425,1.0736099997099942,1.116801497660882,0.5026541263818148,0.05382212971514849,0.6127385621611675,0.507674412560363,1.4222370448399908,0.2050554212830444,1.582204137445485,1.4780076249037624,0.46897951153825157,0.06931528264718073,0.6160525513129751,0.5340048842068089,1.8697223933628686,0.24774438556651784,1.970667175388893,1.921867743084171,0.6401509387828476,0.10051903203387336,0.8047282691433709,0.727195520792774,0.7662634482146999,0.08263359469688605,1.3162075566230211,2.1999209295210265,1.3661199796949015,0.05031785555973205,4.186009378790371,2.1768726817213575,0.8143419851773251,0.04202377054907589,1.2472604174382231,2.1485956366172534,0.7722185564835786,0.08253347610337292,3.8958558565818375,2.4619884735986552,0.6431743513018151,0.07322598572990835,0.7691590180204944,1.5908894679992773,0.7303279221448349,0.07691387111322669,3.9720186853967645,2.403668652119145,74.63595566251729,2.481103905106355,286.1092799395463,97.7735781334887,25.140141203093958,0.16745817670364088,39.02659553061854,3.277935351679983,82.11790620388688,3.107696345952798,398.0688882760523,95.41402060505345,47.58489525978056,0.2938903902400826,80.04938727886699,19.08541471275862,95.56748189174866,2.845272334972471,198.25517318262797,200.16214336946217,59.149813701860296,1.2983993440757011,129.17493385833995,53.14336638886719
