Metric,allgather_r4_h2048_s1_b1,allgather_r4_h2048_s1_b8,allgather_r4_h2048_s1_b16,allgather_r4_h2048_s1_b32,allgather_r4_h2048_s2048_b1,allgather_r4_h2048_s2048_b8,allgather_r4_h2048_s2048_b16,allgather_r4_h2048_s2048_b32,allgather_r4_h2048_s4096_b1,allgather_r4_h2048_s4096_b8,allgather_r4_h2048_s4096_b16,allgather_r4_h2048_s4096_b32,allgather_r4_h2048_s8192_b1,allgather_r4_h2048_s8192_b8,allgather_r4_h2048_s8192_b16,allgather_r4_h2048_s8192_b32,allgather_r4_h4096_s1_b1,allgather_r4_h4096_s1_b8,allgather_r4_h4096_s1_b16,allgather_r4_h4096_s1_b32,allgather_r4_h4096_s2048_b1,allgather_r4_h4096_s2048_b8,allgather_r4_h4096_s2048_b16,allgather_r4_h4096_s2048_b32,allgather_r4_h4096_s4096_b1,allgather_r4_h4096_s4096_b8,allgather_r4_h4096_s4096_b16,allgather_r4_h4096_s4096_b32,allgather_r4_h4096_s8192_b1,allgather_r4_h4096_s8192_b8,allgather_r4_h4096_s8192_b16,allgather_r4_h4096_s8192_b32,allgather_r8_h2048_s1_b1,allgather_r8_h2048_s1_b8,allgather_r8_h2048_s1_b16,allgather_r8_h2048_s1_b32,allgather_r8_h2048_s2048_b1,allgather_r8_h2048_s2048_b8,allgather_r8_h2048_s2048_b16,allgather_r8_h2048_s2048_b32,allgather_r8_h2048_s4096_b1,allgather_r8_h2048_s4096_b8,allgather_r8_h2048_s4096_b16,allgather_r8_h2048_s4096_b32,allgather_r8_h2048_s8192_b1,allgather_r8_h2048_s8192_b8,allgather_r8_h2048_s8192_b16,allgather_r8_h2048_s8192_b32,allgather_r8_h4096_s1_b1,allgather_r8_h4096_s1_b8,allgather_r8_h4096_s1_b16,allgather_r8_h4096_s1_b32,allgather_r8_h4096_s2048_b1,allgather_r8_h4096_s2048_b8,allgather_r8_h4096_s2048_b16,allgather_r8_h4096_s2048_b32,allgather_r8_h4096_s4096_b1,allgather_r8_h4096_s4096_b8,allgather_r8_h4096_s4096_b16,allgather_r8_h4096_s4096_b32,allgather_r8_h4096_s8192_b1,allgather_r8_h4096_s8192_b8,allgather_r8_h4096_s8192_b16,allreduce_r4_h2048_s1_b1,allreduce_r4_h2048_s1_b8,allreduce_r4_h2048_s1_b16,allreduce_r4_h2048_s1_b32,allreduce_r4_h2048_s2048_b1,allreduce_r4_h2048_s2048_b8,allreduce_r4_h2048_s2048_b16,allreduce_r4_h2048_s2048_b32,allreduce_r4_h2048_s4096_b1,allreduce_r4_h2048_s4096_b8,allreduce_r4_h2048_s4096_b16,allreduce_r4_h2048_s8192_b1,allreduce_r4_h2048_s8192_b8,allreduce_r4_h2048_s8192_b16,allreduce_r4_h4096_s1_b1,allreduce_r4_h4096_s1_b8,allreduce_r4_h4096_s1_b16,allreduce_r4_h4096_s1_b32,allreduce_r4_h4096_s2048_b1,allreduce_r4_h4096_s2048_b8,allreduce_r4_h4096_s2048_b16,allreduce_r4_h4096_s4096_b1,allreduce_r4_h4096_s4096_b8,allreduce_r4_h4096_s4096_b16,allreduce_r4_h4096_s8192_b1,allreduce_r4_h4096_s8192_b8,allreduce_r4_h4096_s8192_b16,allreduce_r8_h2048_s1_b1,allreduce_r8_h2048_s1_b8,allreduce_r8_h2048_s1_b16,allreduce_r8_h2048_s1_b32,allreduce_r8_h2048_s2048_b1,allreduce_r8_h2048_s2048_b8,allreduce_r8_h2048_s2048_b16,allreduce_r8_h2048_s2048_b32,allreduce_r8_h2048_s4096_b1,allreduce_r8_h2048_s4096_b8,allreduce_r8_h2048_s4096_b16,allreduce_r8_h2048_s4096_b32,allreduce_r8_h2048_s8192_b1,allreduce_r8_h2048_s8192_b8,allreduce_r8_h2048_s8192_b16,allreduce_r8_h2048_s8192_b32,allreduce_r8_h4096_s1_b1,allreduce_r8_h4096_s1_b8,allreduce_r8_h4096_s1_b16,allreduce_r8_h4096_s1_b32,allreduce_r8_h4096_s2048_b1,allreduce_r8_h4096_s2048_b8,allreduce_r8_h4096_s2048_b16,allreduce_r8_h4096_s2048_b32,allreduce_r8_h4096_s4096_b1,allreduce_r8_h4096_s4096_b8,allreduce_r8_h4096_s4096_b16,allreduce_r8_h4096_s4096_b32,allreduce_r8_h4096_s8192_b1,allreduce_r8_h4096_s8192_b8,allreduce_r8_h4096_s8192_b16,allreduce_r8_h4096_s8192_b32,broadcast_r4_h2048_s1_b1,broadcast_r4_h2048_s1_b8,broadcast_r4_h2048_s1_b16,broadcast_r4_h2048_s1_b32,broadcast_r4_h2048_s2048_b1,broadcast_r4_h2048_s2048_b8,broadcast_r4_h2048_s2048_b16,broadcast_r4_h2048_s2048_b32,broadcast_r4_h2048_s4096_b1,broadcast_r4_h2048_s4096_b8,broadcast_r4_h2048_s4096_b16,broadcast_r4_h2048_s4096_b32,broadcast_r4_h2048_s8192_b1,broadcast_r4_h2048_s8192_b8,broadcast_r4_h2048_s8192_b16,broadcast_r4_h2048_s8192_b32,broadcast_r4_h4096_s1_b1,broadcast_r4_h4096_s1_b8,broadcast_r4_h4096_s1_b16,broadcast_r4_h4096_s1_b32,broadcast_r4_h4096_s2048_b1,broadcast_r4_h4096_s2048_b8,broadcast_r4_h4096_s2048_b16,broadcast_r4_h4096_s2048_b32,broadcast_r4_h4096_s4096_b1,broadcast_r4_h4096_s4096_b8,broadcast_r4_h4096_s4096_b16,broadcast_r4_h4096_s4096_b32,broadcast_r4_h4096_s8192_b1,broadcast_r4_h4096_s8192_b8,broadcast_r4_h4096_s8192_b16,broadcast_r4_h4096_s8192_b32,gather_r2_h20_s1_b1,gather_r4_h2048_s1_b1,gather_r4_h2048_s1_b8,gather_r4_h2048_s1_b16,gather_r4_h2048_s1_b32,gather_r4_h2048_s2048_b1,gather_r4_h2048_s2048_b8,gather_r4_h2048_s2048_b16,gather_r4_h2048_s2048_b32,gather_r4_h2048_s4096_b1,gather_r4_h2048_s4096_b8,gather_r4_h2048_s4096_b16,gather_r4_h2048_s4096_b32,gather_r4_h2048_s8192_b1,gather_r4_h2048_s8192_b8,gather_r4_h2048_s8192_b16,gather_r4_h2048_s8192_b32,gather_r4_h4096_s1_b1,gather_r4_h4096_s1_b8,gather_r4_h4096_s1_b16,gather_r4_h4096_s1_b32,gather_r4_h4096_s2048_b1,gather_r4_h4096_s2048_b8,gather_r4_h4096_s2048_b16,gather_r4_h4096_s2048_b32,gather_r4_h4096_s4096_b1,gather_r4_h4096_s4096_b8,gather_r4_h4096_s4096_b16,gather_r4_h4096_s4096_b32,gather_r4_h4096_s8192_b1,gather_r4_h4096_s8192_b8,gather_r4_h4096_s8192_b16,gather_r4_h4096_s8192_b32,reduce_r2_h20_s1_b1,reduce_r4_h2048_s1_b1,reduce_r4_h2048_s1_b8,reduce_r4_h2048_s1_b16,reduce_r4_h2048_s1_b32,reduce_r4_h2048_s2048_b1,reduce_r4_h2048_s2048_b8,reduce_r4_h2048_s2048_b16,reduce_r4_h2048_s2048_b32,reduce_r4_h2048_s4096_b1,reduce_r4_h2048_s4096_b8,reduce_r4_h2048_s4096_b16,reduce_r4_h2048_s4096_b32,reduce_r4_h2048_s8192_b1,reduce_r4_h2048_s8192_b8,reduce_r4_h2048_s8192_b16,reduce_r4_h2048_s8192_b32,reduce_r4_h4096_s1_b1,reduce_r4_h4096_s1_b8,reduce_r4_h4096_s1_b16,reduce_r4_h4096_s1_b32,reduce_r4_h4096_s2048_b1,reduce_r4_h4096_s2048_b8,reduce_r4_h4096_s2048_b16,reduce_r4_h4096_s2048_b32,reduce_r4_h4096_s4096_b1,reduce_r4_h4096_s4096_b8,reduce_r4_h4096_s4096_b16,reduce_r4_h4096_s4096_b32,reduce_r4_h4096_s8192_b1,reduce_r4_h4096_s8192_b8,reduce_r4_h4096_s8192_b16,reduce_r4_h4096_s8192_b32
mean_time_ms,0.03598325070925057,0.0504791084676981,0.08432421018369496,0.18106401432305574,34.93375546298921,616.9819778716192,1256.8401725846343,2530.9323089395184,141.8786597205326,1252.3707766935695,2499.4869256019592,4916.7700734047685,300.0573181011714,2495.6632779329084,4890.839645756641,9659.026999177877,0.03975004889070988,0.08646706119179726,0.18084020586684346,0.4236549942288548,141.32208413328044,1250.5926251632627,2498.647918519564,4921.056558024138,300.494069904089,2493.3858742553275,4885.574401319027,9661.705540115945,618.1168979627546,4879.0987317380495,9716.142782003153,18968.21673085098,0.04131996596697718,0.08820538583677262,0.17150050087366253,0.36389867833349854,91.99526914802846,1273.8497782096965,2524.7274328098865,4925.52114566497,278.9397536148317,2508.2690683816327,4883.74890574778,9453.541745718685,619.414043542929,4876.408687963849,9384.529520322103,18675.46470303845,0.046024846960790455,0.1708354044239968,0.3606465592747554,0.816982866381295,279.75407080783043,2503.430167607148,4886.187665229081,9460.312220480992,619.0033722843509,4876.209451433388,9389.475934710936,18658.761007603025,1272.4970632686745,9379.12506713532,18706.067925097886,0.04118140321224928,0.06656092591583729,0.09302665013819933,0.18169618444517255,55.70299601648003,745.1050208660308,1497.2104751237202,3025.057805601973,175.7250788086094,1490.1063845178578,3026.579864945961,370.3447241173126,3019.933333209483,6006.1474239767995,0.04605851718224585,0.09649835177697241,0.18522485857829452,0.39603552548214793,177.47212336049415,1491.185373183107,3023.246836726321,370.46513207955286,3020.754605695838,6009.753346934449,744.9148014932871,6016.60731756012,11971.909290407784,0.06087962654419243,0.08889019547495991,0.12757484801113605,0.23317284823860973,70.25466828141361,1004.7370472387412,2012.8003260452533,4089.3424764234805,241.78139255964197,2009.1100248496514,4082.5461780693145,8135.890927661095,501.0912969108904,4069.4849755591713,8148.894275918136,16243.755719586623,0.06394915340933949,0.12646524293813854,0.23748292645905167,0.540029969997704,241.59234379359987,2010.1505835965509,4094.2808988055913,8151.340297479765,503.42724337475374,4068.225262763445,8156.068230246893,16243.839623359381,1004.1650929267051,8140.185183041613,16249.525695563645,32437.066191820195,0.0034685491118580103,0.009951682295650244,0.01424739952199161,0.024724019458517432,2.2398458677344024,18.460786348441616,38.76597770722583,77.17123777954839,4.506800181698054,38.48672129563056,77.30811646091752,155.12509813997895,9.035177873447537,77.14432275271975,155.39213394164108,310.74184705037624,0.004605739377439022,0.016624140553176403,0.024255224270746112,0.06791665684431791,4.504205395933241,38.44790472299792,77.33954592375085,155.32183998613618,9.025781555101275,77.20865679671988,155.1378400856629,310.8696279930882,18.46413941355422,155.06538616260514,310.9183596842922,622.632516612066,0.01006915234029293,0.013264737790450454,0.025824939366430044,0.039080382557585835,0.08773814653977752,41.29011989454739,383.1502170325257,776.7543114523869,1562.1402584656607,92.5698259274941,776.2513511057477,1554.199581219582,3085.53966469015,191.59160807612352,1548.569372559432,3086.3672683993354,6136.6296828503255,0.014902201946824789,0.04309734329581261,0.08367612143047154,0.24452378274872896,92.81353654921986,776.6537674586289,1553.5171046468895,3086.6409845720045,191.8659869383555,1547.8030131943524,3087.5307525484823,6136.488828073489,382.1331673837267,3087.1444878622424,6136.937688598409,12166.588903578231,0.012811687774956226,0.026463838294148445,0.044901700457558036,0.06070244708098471,0.10187246021814644,47.24333475343883,500.7363391062245,1013.257983252406,2039.6082411834504,118.37672744179145,1008.0030190059914,2037.021629053634,4058.810612512753,249.57564186188392,2035.1278476091102,4059.517151266337,8121.942120386521,0.029818899929523468,0.06016386905685067,0.10120208142325282,0.2285371778998524,117.44038380682468,1006.9251359975897,2037.9785006167367,4060.9578772226814,249.5723462838214,2034.7425109369212,4055.1760654943064,8117.9918138484945,502.609948143363,4058.632029263536,8117.396190118743,16195.583395332796
median_time_ms,0.033510150387883186,0.050449976697564125,0.08369539864361286,0.18046796321868896,40.929351234808564,616.0555984824896,1256.204876350239,2528.778933919966,141.237084986642,1251.1445384006947,2496.9054001849145,4911.310649476945,299.6749924495816,2493.3119593188167,4884.186356561258,9647.610668092966,0.037585850805044174,0.08576177060604095,0.1796097494661808,0.4262523725628853,140.9755398053676,1249.342173570767,2496.0214199963957,4917.027492308989,300.39235204458237,2491.455975919962,4879.373953677714,9651.316068368033,616.4793109055609,4873.4463069122285,9664.022027514875,18945.694752270356,0.0407705083489418,0.08756737224757671,0.17084507271647453,0.3637210465967655,88.69423251599073,1275.1561347395182,2526.4669579919428,4932.867102092132,279.4898690190166,2511.3145511131734,4889.631906989962,9462.709847837687,618.1524347048253,4881.4292210154235,9398.280563298613,18685.03869092092,0.04580337554216385,0.17015705816447735,0.3612954169511795,0.8123165462166071,280.0402925349772,2505.6202828418463,4892.4643765203655,9467.514025280252,618.0675800424069,4881.649504415691,9401.8852354493,18672.52235626802,1273.8964643795043,9391.741411527619,18721.23597585596,0.03990647383034229,0.06520119495689869,0.09143119677901268,0.1810144167393446,56.209421483799815,745.1148780528456,1497.2964320331812,3025.244300952181,175.807238323614,1489.859846420586,3026.9932250957936,370.37509912624955,3020.2431892976165,6006.672964897007,0.04588300362229347,0.093457056209445,0.18432806245982647,0.3932889085263014,177.5253990199417,1491.2696203682572,3024.0203358698636,370.48947042785585,3021.9554263167083,6011.682779761031,744.850960560143,6022.841659840196,11972.648883936927,0.06014062091708183,0.0885743647813797,0.12717652134597301,0.23199152201414108,73.86941998265684,1005.0359845627099,2012.7157480455935,4089.784130686894,242.0607430394739,2008.874314604327,4083.020764403045,8136.980820680037,501.21365091763437,4070.1378213707358,8150.8842499461025,16245.49642833881,0.06369291804730892,0.12584496289491653,0.23778644390404224,0.5385114345699549,241.79595452733338,2010.1740625686944,4102.4681276176125,8151.933205779642,503.39488591998816,4068.6200889758766,8156.009746948257,16247.368383221328,1004.2871385812759,8141.425569541752,16254.692921414971,32436.27974903211,0.002523418515920639,0.009789597243070602,0.014772173017263412,0.02511194907128811,2.238908549770713,18.28035549260676,38.19276439025998,76.52578270062804,4.467776278033853,38.183432538062334,76.49272098205984,153.7976914551109,8.948440430685878,76.54266967438161,153.5259634256363,307.88232339546084,0.003985129296779633,0.01443689689040184,0.024761538952589035,0.06743380799889565,4.4652719516307116,38.15249539911747,76.67088997550309,153.7345179822296,8.934639859944582,76.5717145986855,153.65761169232428,308.2175706513226,18.28527543693781,153.6017705220729,308.09542699716985,617.0551835093647,0.010723480954766273,0.00912579707801342,0.017787795513868332,0.02743699587881565,0.04387088119983673,35.84109409712255,307.1815720759332,622.5371859036386,1256.7161868792027,75.86999493651092,621.1529541760683,1250.6797253154218,2494.81436656788,154.10155756399035,1246.1341903544962,2495.053355349228,4966.000330634415,0.010151416063308716,0.029643531888723373,0.03985990770161152,0.20631426014006138,76.03617664426565,621.4141726959497,1250.4800609312952,2494.9894740711898,154.23601679503918,1245.3053831122816,2496.1014720611274,4965.417880797759,306.25084857456386,2496.191021054983,4965.970125980675,9886.959372088313,0.013680430129170418,0.026263995096087456,0.045044347643852234,0.060008373111486435,0.10084942914545536,48.75105107203126,501.22339255176485,1016.732789343223,2044.680074090138,118.35715034976602,1011.4699571859092,2042.8282846696675,4066.342513076961,249.85803104937077,2040.2169595472515,4067.4020217265934,8138.937852345407,0.02948800101876259,0.06004585884511471,0.09993603453040123,0.22245757281780243,117.52519407309592,1010.3631396777928,2044.014628045261,4068.340777186677,249.9997711274773,2038.5335916653275,4062.6694050151855,8134.949300670996,502.91984947398305,4066.262224689126,8133.125896099955,16233.329157344997
min_time_ms,0.030654016882181168,0.04566507413983345,0.08100038394331932,0.17748679965734482,24.4599599391222,594.3021010607481,1181.5010169520974,2384.8767848685384,133.1733432598412,1174.8805618844926,2337.875094730407,4628.7180432118475,284.5556540414691,2333.3467268384993,4605.111304204911,9141.261443961412,0.03392715007066727,0.08197827264666557,0.17647817730903625,0.41028717532753944,132.982624694705,1176.2132099829614,2347.6172909140587,4632.05233681947,284.0638058260083,2343.988317064941,4602.217733860016,9135.553667787462,579.1602428071201,4604.277653153986,9095.240923110396,17941.925970837474,0.03643101081252098,0.08500367403030396,0.16532186418771744,0.35217776894569397,71.86377793550491,1130.225086119026,2267.840309999883,4394.941159058362,253.60504817217588,2248.322085943073,4433.381122071296,8488.32914000377,549.4481856003404,4409.034711774439,8536.98116214946,16564.013597089797,0.04393700510263443,0.16521383076906204,0.34515606239438057,0.7818359881639481,249.656667932868,2251.932349987328,4417.243703268468,8474.629710894078,545.003189239651,4410.4138212278485,8520.128724630922,16523.069742601365,1127.2887852974236,8505.641798023134,16595.365884248167,0.037406571209430695,0.061279162764549255,0.08674198761582375,0.17248233780264854,50.50157010555267,738.9651541598141,1488.0859972909093,2993.9256152138114,174.2619159631431,1482.408840674907,2995.78663893044,367.0558468438685,2988.555927760899,5942.208807915449,0.04332093521952629,0.08911127224564552,0.17928658053278923,0.38605229929089546,175.11993600055575,1478.5169870592654,2990.188585128635,367.4294329248369,2981.938207987696,5945.8921030163765,738.2983090355992,5934.156344272196,11834.01114307344,0.05511101335287094,0.08473405614495277,0.12313900515437126,0.22819312289357185,59.84564917162061,993.4926922433078,1992.334885057062,4028.3838557079434,236.67210573330522,1989.8631889373064,4026.06658032164,8012.340873945504,495.4226668924093,4011.803444940597,8009.4356699846685,16003.794040065259,0.05494896322488785,0.12374389916658401,0.22873608395457268,0.5179340951144695,235.35494832322001,1988.7417210265994,4010.8938100747764,8031.577184796333,498.52480133995414,4009.8220291547477,8004.416560288519,15962.160846218467,993.5779180377722,8003.312092274427,15985.10262509808,31884.811740834266,0.0012079253792762756,0.005511101335287094,0.010441988706588745,0.020420178771018982,2.1810829639434814,18.252077978104353,37.811826914548874,76.39807695522904,4.4571333564817905,38.04017370566726,76.28135895356536,153.43525912612677,8.935119956731796,76.41547126695514,153.25711108744144,307.44377290830016,0.0018123537302017212,0.010486692190170288,0.020551960915327072,0.06683403626084328,4.454601090401411,38.05086109787226,76.50974486023188,153.48643017932773,8.921412285417318,76.42096187919378,153.4111383371055,307.84054193645716,18.261494114995003,153.34756392985582,307.6710640452802,616.3361826911569,0.0053872354328632355,0.008541159331798553,0.01409091055393219,0.019461847841739655,0.041448045521974564,34.48120830580592,304.25494397059083,617.5914239138365,1249.03705669567,74.46039514616132,618.0138001218438,1244.6117089129984,2484.531584661454,152.30493480339646,1239.2664467915893,2478.9369078353047,4947.22485775128,0.008827075362205505,0.023295637220144272,0.03794115036725998,0.15944428741931915,74.72315290942788,617.35824868083,1241.7615740559995,2485.858422704041,153.13297370448709,1239.8964278399944,2483.8896449655294,4947.512494400144,304.8491319641471,2486.7469179444015,4949.012941215187,9836.017534602433,0.010575167834758759,0.02003507688641548,0.0322442501783371,0.045726075768470764,0.0657821074128151,36.878797225654125,386.45328721031547,788.0617971532047,1589.6416041068733,92.57380617782474,785.2802891284227,1586.183310020715,3179.0706301108003,194.43616271018982,1585.3980700485408,3178.7806819193065,6386.016089003533,0.022221822291612625,0.04616100341081619,0.0652773305773735,0.15990016981959343,91.85661515221,784.1751649975777,1588.9660380780697,3180.7292690500617,194.25976183265448,1583.2092128694057,3176.62418121472,6388.229565694928,386.21247513219714,3173.312819097191,6384.97758237645,12736.637568101287
max_time_ms,0.05764095112681389,0.05977321416139603,0.09993510320782661,0.20725419744849205,68.47436400130391,658.2367699593306,1280.4332743398845,2564.098829869181,156.48181177675724,1284.3771986663342,2546.030777040869,4991.716576274484,309.98981138691306,2544.2626820877194,5013.535834848881,9790.199563838542,0.06700120866298676,0.09677605703473091,0.19334815442562103,0.4377951845526695,154.15159473195672,1277.4343630298972,2545.330761000514,5007.394718006253,313.72292898595333,2540.389728732407,4968.682647217065,9810.768720693886,646.5089549310505,4971.375393215567,11688.71498433873,19281.213033013046,0.052039045840501785,0.09780377149581909,0.18990691751241684,0.3810590133070946,124.888617079705,1283.3620300516486,2555.3108626045287,5056.899320799857,286.29268798977137,2534.4766890630126,4924.056599847972,9715.324542019516,629.9703288823366,4913.1846791133285,9476.922038011253,19194.75651718676,0.05357293412089348,0.18534716218709946,0.4022163338959217,0.9134439751505852,285.08790396153927,2537.1946720406413,4927.027900703251,9707.693695090711,631.0466499999166,4923.024818766862,9479.283702094108,19166.265080217272,1290.3408859856427,9459.792826790363,19222.488419152796,0.12493226677179337,0.09443704038858414,0.10096514597535133,0.20209001377224922,73.58265714719892,750.741686206311,1504.9385270103812,3034.572670701891,177.4348011240363,1501.0438398458064,3038.366626948118,372.3807968199253,3031.6644120030105,6023.605067748576,0.05517061799764633,0.11730799451470375,0.19451091066002846,0.42777927592396736,180.14464294537902,1497.345614247024,3033.443985041231,373.48615238443017,3030.388399027288,6025.788194965571,750.0585182569921,6036.313222255558,12008.20178212598,0.07396424189209938,0.0962698832154274,0.13866042718291283,0.2525150775909424,101.04452632367611,1011.5983448922634,2031.7976190708578,4100.6662850268185,243.8137959688902,2023.4990799799562,4093.2071888819337,8155.83937196061,504.08890610560775,4089.027440175414,8179.015882778913,16276.45143866539,0.14943815767765045,0.13527832925319672,0.24998513981699944,0.6317631341516972,246.54343724250793,2023.7470180727541,4117.745513096452,8172.336689196527,507.76898209005594,4078.909003175795,8207.95302465558,16286.169540137053,1010.3487968444824,8166.994369123131,16284.535506274551,32538.288494106382,0.010495074093341827,0.025310087949037552,0.017171259969472885,0.030281953513622284,2.3106830194592476,33.11368962749839,65.68047543987632,130.83067536354065,8.260027039796114,65.66980201750994,130.8417860418558,261.3444561138749,16.647167969495058,130.91042777523398,261.8113299831748,522.6213978603482,0.01124618574976921,0.034174881875514984,0.02847611904144287,0.0797351822257042,8.285521063953638,65.55920327082276,130.73759619146585,261.10824197530746,16.620540991425514,130.84421819075942,261.24641112983227,522.175629157573,32.91809093207121,261.7124258540571,522.175258025527,1044.6256678551435,0.018035992980003357,0.03243796527385712,0.0617150217294693,0.08669542148709297,0.22920779883861542,70.82707295194268,630.6568100117147,1259.3211713247001,2500.101446174085,149.7453497722745,1258.261966984719,2485.4490691795945,4889.780809171498,318.7960390932858,2479.6521021053195,4888.281689025462,9742.221450898796,0.03469083458185196,0.10218191891908646,0.2277330495417118,0.46392204239964485,151.11492713913321,1260.274204891175,2489.8112500086427,4888.389433734119,317.0769279822707,2476.224602200091,4889.193361159414,9751.850652974099,626.625644043088,4891.394181642681,9741.982521954924,19177.123703993857,0.01750793308019638,0.03786617890000343,0.06171083077788353,0.08267117664217949,0.15407893806695938,54.82911737635732,622.5855639204383,1241.0217938013375,2496.0681688971817,149.71108501777053,1232.588074170053,2487.90469719097,4935.771209187806,312.58124206215143,2482.502311002463,4933.1814288161695,9838.792392984033,0.04012696444988251,0.08269073441624641,0.15443796291947365,0.325067900121212,146.91943116486073,1230.6962818838656,2487.339566927403,4933.104536961764,313.8134558685124,2483.9556580409408,4922.765028197318,9835.487324278802,620.5683737061918,4934.982212726027,9861.934647895396,19639.52463399619

--- Metadata ---
operation,allgather,allgather,allgather,allgather,allgather,allgather,allgather,allgather,allgather,allgather,allgather,allgather,allgather,allgather,allgather,allgather,allgather,allgather,allgather,allgather,allgather,allgather,allgather,allgather,allgather,allgather,allgather,allgather,allgather,allgather,allgather,allgather,allgather,allgather,allgather,allgather,allgather,allgather,allgather,allgather,allgather,allgather,allgather,allgather,allgather,allgather,allgather,allgather,allgather,allgather,allgather,allgather,allgather,allgather,allgather,allgather,allgather,allgather,allgather,allgather,allgather,allgather,allgather,allreduce,allreduce,allreduce,allreduce,allreduce,allreduce,allreduce,allreduce,allreduce,allreduce,allreduce,allreduce,allreduce,allreduce,allreduce,allreduce,allreduce,allreduce,allreduce,allreduce,allreduce,allreduce,allreduce,allreduce,allreduce,allreduce,allreduce,allreduce,allreduce,allreduce,allreduce,allreduce,allreduce,allreduce,allreduce,allreduce,allreduce,allreduce,allreduce,allreduce,allreduce,allreduce,allreduce,allreduce,allreduce,allreduce,allreduce,allreduce,allreduce,allreduce,allreduce,allreduce,allreduce,allreduce,allreduce,allreduce,allreduce,allreduce,allreduce,broadcast,broadcast,broadcast,broadcast,broadcast,broadcast,broadcast,broadcast,broadcast,broadcast,broadcast,broadcast,broadcast,broadcast,broadcast,broadcast,broadcast,broadcast,broadcast,broadcast,broadcast,broadcast,broadcast,broadcast,broadcast,broadcast,broadcast,broadcast,broadcast,broadcast,broadcast,broadcast,gather,gather,gather,gather,gather,gather,gather,gather,gather,gather,gather,gather,gather,gather,gather,gather,gather,gather,gather,gather,gather,gather,gather,gather,gather,gather,gather,gather,gather,gather,gather,gather,gather,reduce,reduce,reduce,reduce,reduce,reduce,reduce,reduce,reduce,reduce,reduce,reduce,reduce,reduce,reduce,reduce,reduce,reduce,reduce,reduce,reduce,reduce,reduce,reduce,reduce,reduce,reduce,reduce,reduce,reduce,reduce,reduce,reduce
num_ranks,4,4,4,4,4,4,4,4,4,4,4,4,4,4,4,4,4,4,4,4,4,4,4,4,4,4,4,4,4,4,4,4,8,8,8,8,8,8,8,8,8,8,8,8,8,8,8,8,8,8,8,8,8,8,8,8,8,8,8,8,8,8,8,4,4,4,4,4,4,4,4,4,4,4,4,4,4,4,4,4,4,4,4,4,4,4,4,4,4,4,8,8,8,8,8,8,8,8,8,8,8,8,8,8,8,8,8,8,8,8,8,8,8,8,8,8,8,8,8,8,8,8,4,4,4,4,4,4,4,4,4,4,4,4,4,4,4,4,4,4,4,4,4,4,4,4,4,4,4,4,4,4,4,4,2,4,4,4,4,4,4,4,4,4,4,4,4,4,4,4,4,4,4,4,4,4,4,4,4,4,4,4,4,4,4,4,4,2,4,4,4,4,4,4,4,4,4,4,4,4,4,4,4,4,4,4,4,4,4,4,4,4,4,4,4,4,4,4,4,4
hidden_dim,2048,2048,2048,2048,2048,2048,2048,2048,2048,2048,2048,2048,2048,2048,2048,2048,4096,4096,4096,4096,4096,4096,4096,4096,4096,4096,4096,4096,4096,4096,4096,4096,2048,2048,2048,2048,2048,2048,2048,2048,2048,2048,2048,2048,2048,2048,2048,2048,4096,4096,4096,4096,4096,4096,4096,4096,4096,4096,4096,4096,4096,4096,4096,2048,2048,2048,2048,2048,2048,2048,2048,2048,2048,2048,2048,2048,2048,4096,4096,4096,4096,4096,4096,4096,4096,4096,4096,4096,4096,4096,2048,2048,2048,2048,2048,2048,2048,2048,2048,2048,2048,2048,2048,2048,2048,2048,4096,4096,4096,4096,4096,4096,4096,4096,4096,4096,4096,4096,4096,4096,4096,4096,2048,2048,2048,2048,2048,2048,2048,2048,2048,2048,2048,2048,2048,2048,2048,2048,4096,4096,4096,4096,4096,4096,4096,4096,4096,4096,4096,4096,4096,4096,4096,4096,20,2048,2048,2048,2048,2048,2048,2048,2048,2048,2048,2048,2048,2048,2048,2048,2048,4096,4096,4096,4096,4096,4096,4096,4096,4096,4096,4096,4096,4096,4096,4096,4096,20,2048,2048,2048,2048,2048,2048,2048,2048,2048,2048,2048,2048,2048,2048,2048,2048,4096,4096,4096,4096,4096,4096,4096,4096,4096,4096,4096,4096,4096,4096,4096,4096
seq_len,1,1,1,1,2048,2048,2048,2048,4096,4096,4096,4096,8192,8192,8192,8192,1,1,1,1,2048,2048,2048,2048,4096,4096,4096,4096,8192,8192,8192,8192,1,1,1,1,2048,2048,2048,2048,4096,4096,4096,4096,8192,8192,8192,8192,1,1,1,1,2048,2048,2048,2048,4096,4096,4096,4096,8192,8192,8192,1,1,1,1,2048,2048,2048,2048,4096,4096,4096,8192,8192,8192,1,1,1,1,2048,2048,2048,4096,4096,4096,8192,8192,8192,1,1,1,1,2048,2048,2048,2048,4096,4096,4096,4096,8192,8192,8192,8192,1,1,1,1,2048,2048,2048,2048,4096,4096,4096,4096,8192,8192,8192,8192,1,1,1,1,2048,2048,2048,2048,4096,4096,4096,4096,8192,8192,8192,8192,1,1,1,1,2048,2048,2048,2048,4096,4096,4096,4096,8192,8192,8192,8192,1,1,1,1,1,2048,2048,2048,2048,4096,4096,4096,4096,8192,8192,8192,8192,1,1,1,1,2048,2048,2048,2048,4096,4096,4096,4096,8192,8192,8192,8192,1,1,1,1,1,2048,2048,2048,2048,4096,4096,4096,4096,8192,8192,8192,8192,1,1,1,1,2048,2048,2048,2048,4096,4096,4096,4096,8192,8192,8192,8192
batch,1,8,16,32,1,8,16,32,1,8,16,32,1,8,16,32,1,8,16,32,1,8,16,32,1,8,16,32,1,8,16,32,1,8,16,32,1,8,16,32,1,8,16,32,1,8,16,32,1,8,16,32,1,8,16,32,1,8,16,32,1,8,16,1,8,16,32,1,8,16,32,1,8,16,1,8,16,1,8,16,32,1,8,16,1,8,16,1,8,16,1,8,16,32,1,8,16,32,1,8,16,32,1,8,16,32,1,8,16,32,1,8,16,32,1,8,16,32,1,8,16,32,1,8,16,32,1,8,16,32,1,8,16,32,1,8,16,32,1,8,16,32,1,8,16,32,1,8,16,32,1,8,16,32,1,1,8,16,32,1,8,16,32,1,8,16,32,1,8,16,32,1,8,16,32,1,8,16,32,1,8,16,32,1,8,16,32,1,1,8,16,32,1,8,16,32,1,8,16,32,1,8,16,32,1,8,16,32,1,8,16,32,1,8,16,32,1,8,16,32
tensor_size_mb,0.0039,0.0312,0.0625,0.125,8.0,64.0,128.0,256.0,16.0,128.0,256.0,512.0,32.0,256.0,512.0,1024.0,0.0078,0.0625,0.125,0.25,16.0,128.0,256.0,512.0,32.0,256.0,512.0,1024.0,64.0,512.0,1024.0,2048.0,0.0039,0.0312,0.0625,0.125,8.0,64.0,128.0,256.0,16.0,128.0,256.0,512.0,32.0,256.0,512.0,1024.0,0.0078,0.0625,0.125,0.25,16.0,128.0,256.0,512.0,32.0,256.0,512.0,1024.0,64.0,512.0,1024.0,0.0039,0.0312,0.0625,0.125,8.0,64.0,128.0,256.0,16.0,128.0,256.0,32.0,256.0,512.0,0.0078,0.0625,0.125,0.25,16.0,128.0,256.0,32.0,256.0,512.0,64.0,512.0,1024.0,0.0039,0.0312,0.0625,0.125,8.0,64.0,128.0,256.0,16.0,128.0,256.0,512.0,32.0,256.0,512.0,1024.0,0.0078,0.0625,0.125,0.25,16.0,128.0,256.0,512.0,32.0,256.0,512.0,1024.0,64.0,512.0,1024.0,2048.0,0.0039,0.0312,0.0625,0.125,8.0,64.0,128.0,256.0,16.0,128.0,256.0,512.0,32.0,256.0,512.0,1024.0,0.0078,0.0625,0.125,0.25,16.0,128.0,256.0,512.0,32.0,256.0,512.0,1024.0,64.0,512.0,1024.0,2048.0,0.0,0.0039,0.0312,0.0625,0.125,8.0,64.0,128.0,256.0,16.0,128.0,256.0,512.0,32.0,256.0,512.0,1024.0,0.0078,0.0625,0.125,0.25,16.0,128.0,256.0,512.0,32.0,256.0,512.0,1024.0,64.0,512.0,1024.0,2048.0,0.0,0.0039,0.0312,0.0625,0.125,8.0,64.0,128.0,256.0,16.0,128.0,256.0,512.0,32.0,256.0,512.0,1024.0,0.0078,0.0625,0.125,0.25,16.0,128.0,256.0,512.0,32.0,256.0,512.0,1024.0,64.0,512.0,1024.0,2048.0
